task,repository_url,commit,package,src_prefix,test_path,n_modules,floor,ceiling,span,band,domain,track,stars
accelerate,https://github.com/huggingface/accelerate.git,9e5d1de5d2248a5f3ee8f2d9272ce88a686dc42d,accelerate,src,tests,68,0,129,129,3,machine-learning,learning,8000
add-trailing-comma,https://github.com/asottile/add-trailing-comma.git,f4f3b2ed9788ba1838e420abd20f75f8ba3af41d,add_trailing_comma,.,tests,15,0,148,148,2,compilers-languages,parsing-languages,1000
aeneas,https://github.com/readbeyond/aeneas.git,4d200a050690903b30b3d885b44714fecb23f18a,aeneas,.,aeneas/tests,100,0,616,616,4,machine-learning,learning,2860
agate,https://github.com/wireservice/agate.git,7aa490cbc3d965e0a950dd904ea1f9cf5ced013c,agate,.,tests,100,0,344,344,4,databases-storage,serialization-wire,1200
agent-aci,https://github.com/aipotheosis-labs/aci.git,3e4a82fa5fd22f1165af2b39fa3de2b0f031242e,aci,backend,backend/aci,131,0,5,5,2,machine-learning,agent-orchestration,4871
agent-adala,https://github.com/HumanSignal/Adala.git,c21442c5ef81eb889d7ff2fcda5b5d51c0a90e65,adala,.,tests,49,0,27,27,2,machine-learning,agent-orchestration,1618
agent-adalflow,https://github.com/SylphAI-Inc/AdalFlow.git,810de99d86191b3aa0c939aa6d6d1a21977555aa,adalflow,adalflow,adalflow/tests,134,0,504,504,4,machine-learning,agent-orchestration,4199
agent-agent-lightning,https://github.com/microsoft/agent-lightning.git,218f1f7c0bac0800de4d5a4e5e6f61cf7b5038b4,agentlightning,.,tests,27,0,47,47,2,machine-learning,agent-orchestration,17465
agent-agent-s,https://github.com/simular-ai/Agent-S.git,3aa272d23d2994c7bbde1acbbe0ef8e8d06b8693,gui_agents,.,tests,75,0,5,5,2,machine-learning,agent-orchestration,12147
agent-agent-zero,https://github.com/agent0ai/agent-zero.git,6a6cecff8527b164668c7a6ab2f76b6b1ed7cfa1,helpers,.,tests,105,8,222,214,4,machine-learning,agent-orchestration,18830
agent-agenticseek,https://github.com/Fosowl/agenticSeek.git,bffa7e9e94294f7937c733014af062351c6d6420,sources,.,tests,35,0,135,135,3,machine-learning,agent-orchestration,26782
agent-agentops,https://github.com/AgentOps-AI/agentops.git,f8e907b92dabe47232978023fdcb01e2a7d4b752,agentops,.,tests,159,0,477,477,5,machine-learning,agent-orchestration,5762
agent-agentuniverse,https://github.com/agentuniverse-ai/agentUniverse.git,254ecd280f54c2d2de654bbe5373e9f947d2dedf,agentuniverse,.,tests,466,3,828,825,5,machine-learning,agent-orchestration,2321
agent-agno,https://github.com/agno-agi/agno.git,d703c34f3abf3c41275d3fb2da6e0518a8881f24,agnoctl,libs/agnoctl,libs/agnoctl/tests,21,0,344,344,3,machine-learning,agent-orchestration,41649
agent-atopile,https://github.com/atopile/atopile.git,619eda7f777558a3e500dbad9cc2941712881495,atopile,src,test,160,13,19,6,3,machine-learning,agent-orchestration,3575
agent-autoclip,https://github.com/zhouxiaoka/autoclip.git,aaf863bbd7bba99c64bc53284d41c0ed19034387,backend,.,backend/tests,165,0,149,149,4,machine-learning,agent-orchestration,6321
agent-automate,https://github.com/yuruotong1/autoMate.git,25a563a308d870cf50199c2422f8ee0e3c06bda8,automate,.,tests,111,0,5,5,2,machine-learning,agent-orchestration,3943
agent-bindu,https://github.com/GetBindu/Bindu.git,d4efe4816cbe48423e7e7fb707824a71344ca234,bindu,.,tests,144,0,1097,1097,5,machine-learning,agent-orchestration,8298
agent-browser-use,https://github.com/browser-use/browser-use.git,e25ab65e699af3031a1f2d348526de2844be0e89,browser_use,.,tests,163,0,1194,1194,5,machine-learning,agent-orchestration,108651
agent-cascadeflow,https://github.com/lemony-ai/cascadeflow.git,de7eda9316b79e022abb0d1273e94e161a639e42,cascadeflow,.,tests,160,1,1328,1327,5,machine-learning,agent-orchestration,4026
agent-datachain,https://github.com/datachain-ai/datachain.git,bf0ff9461325d93bac19dbb73a48aa3cd58c6f55,datachain,src,tests,203,0,4769,4769,5,machine-learning,agent-orchestration,2806
agent-deep-searcher,https://github.com/zilliztech/deep-searcher.git,d89e37cdfbbef5e44ae6162ce9cc2c627a69b7e1,deepsearcher,.,tests,71,0,393,393,4,machine-learning,agent-orchestration,8030
agent-deeptutor,https://github.com/HKUDS/DeepTutor.git,42fab3cf429a1fbf36b257ab8d116a3814964202,deeptutor,.,tests,891,0,5810,5810,5,machine-learning,agent-orchestration,33898
agent-devon,https://github.com/entropy-research/Devon.git,8f68f1d7467161562d64138aefee7d26c7e68130,devon_agent,.,devon_agent/test,65,0,11,11,2,machine-learning,agent-orchestration,3455
agent-e2b,https://github.com/e2b-dev/E2B.git,e2612237c1e0f638943fa30a94317de1180423a0,e2b_code_interpreter,packages/code-interpreter-python,packages/code-interpreter-python/tests,8,0,32,32,1,machine-learning,agent-orchestration,13343
agent-evoagentx,https://github.com/EvoAgentX/EvoAgentX.git,d77fd6b9a3e76c8dd83bebe3374c53a3f5d16f54,evoagentx,.,tests,255,3,50,47,4,machine-learning,agent-orchestration,3218
agent-fara,https://github.com/microsoft/fara.git,a675d6d61c41c47ae87bacefeab22caad18e3e84,webeval,webeval/src,webeval/tests,53,1,18,17,2,machine-learning,agent-orchestration,6139
agent-full-stack-ai-agent-template,https://github.com/vstorm-co/full-stack-ai-agent-template.git,3428d9a6214619d3514312886d59a36400747b7d,fastapi_gen,.,tests,19,0,389,389,3,machine-learning,agent-orchestration,1708
agent-gpt-researcher,https://github.com/assafelovic/gpt-researcher.git,6f998577d547b1e54ec662dac63583aa11e3b84b,gpt_researcher,.,tests,124,5,341,336,4,machine-learning,agent-orchestration,28918
agent-graphify,https://github.com/Graphify-Labs/graphify.git,c9f99018774e2e0380e9f65b3959944559a0d5f6,graphify,.,tests,86,24,5059,5035,5,machine-learning,media-graphics,104996
agent-harness-sdk,https://github.com/strands-agents/harness-sdk.git,e3f3ee49d4f5e1f94bc489df6f8603ce26442c31,strands,strands-py/src,strands-py/tests,298,0,6231,6231,5,machine-learning,agent-orchestration,6869
agent-hive,https://github.com/aden-hive/hive.git,0c387492067e8b7d3e1c803009169f202f30ed77,framework,core,core/tests,258,2,2425,2423,5,machine-learning,agent-orchestration,10892
agent-honcho,https://github.com/plastic-labs/honcho.git,be54355545b64ddb10203829d323861f52423685,src,.,tests,146,0,518,518,5,machine-learning,agent-orchestration,6563
agent-hyper-extract,https://github.com/yifanfeng97/Hyper-Extract.git,f6d45f3428b51cad9e03eb1c4466dd5320d8fec1,hyperextract,.,tests,63,0,522,522,4,machine-learning,agent-orchestration,3286
agent-img2threejs,https://github.com/img2threejs/img2threejs.git,6e60b5e22419464b4853e01ddb6c0e6f6659a733,forge,.,forge/tests,112,1,1196,1195,5,machine-learning,media-graphics,10573
agent-knowhere,https://github.com/Ontos-AI/knowhere.git,ac089d37690357ed4a358623ce106d6b81347d59,shared,packages/shared-python,packages/shared-python/shared/tests,271,0,48,48,4,machine-learning,agent-orchestration,2334
agent-langchain,https://github.com/langchain-ai/langchain.git,fa942aec719abd92026dcb56cab8e50a38776611,langchain_core,libs/core,libs/core/tests,181,4,2248,2244,5,machine-learning,agent-orchestration,143913
agent-langgraph,https://github.com/langchain-ai/langgraph.git,81bf17b23123e4ef8b9d5f49fa09a0122fc2edd1,langgraph_cli,libs/cli,libs/cli/tests,19,0,333,333,3,machine-learning,agent-orchestration,39388
agent-lightagent,https://github.com/wanxingai/LightAgent.git,3c9434da2b13b170ed31a39c41ef99f6c2142b34,LightAgent,.,tests,27,0,265,265,3,machine-learning,agent-orchestration,1201
agent-lightning,https://github.com/microsoft/agent-lightning.git,218f1f7c0bac0800de4d5a4e5e6f61cf7b5038b4,agentlightning,.,tests,27,0,47,47,2,machine-learning,agent-orchestration,17465
agent-memori,https://github.com/MemoriLabs/Memori.git,10d65015007131a69b2597fa5130da58da24a0c2,memori,.,tests,135,0,546,546,4,machine-learning,agent-orchestration,15745
agent-memsearch,https://github.com/zilliztech/memsearch.git,1ae26aa277e5600339103fdb1df19129783e75d1,memsearch,src,tests,28,2,276,274,3,machine-learning,agent-orchestration,2451
agent-metaclaw,https://github.com/aiming-lab/MetaClaw.git,922caf3a1cd093fb316e95183a8acc8aa47b3b21,metaclaw,.,tests,46,0,541,541,4,machine-learning,agent-orchestration,3520
agent-mini-swe-agent,https://github.com/SWE-agent/mini-swe-agent.git,04d809ceab9df28f9adaed044884180159172930,minisweagent,src,tests,58,0,319,319,4,machine-learning,agent-orchestration,6363
agent-mobilerun,https://github.com/droidrun/mobilerun.git,afb9c2e2a8c156f331efa61623aebc088158de89,mobilerun,.,tests,129,13,698,685,5,machine-learning,agent-orchestration,9028
agent-open-swe,https://github.com/langchain-ai/open-swe.git,c87e5dce624741e854e8ed6d9145415857a1cd3d,agent,.,tests,263,0,284,284,5,machine-learning,agent-orchestration,10528
agent-openrath,https://github.com/Rath-Team/OpenRath.git,82819467b001896c8b22f98ba99f1634c78b0cfc,rath,src,tests,166,7,988,981,5,machine-learning,agent-orchestration,1083
agent-optillm,https://github.com/algorithmicsuperintelligence/optillm.git,eaf171aa6da5682ba1014ef342556f40247f5b35,optillm,.,tests,90,0,119,119,3,machine-learning,agent-orchestration,4236
agent-pageindex,https://github.com/VectifyAI/PageIndex.git,ae304b01454d3f67b1fbc50c06703af45aa45427,pageindex,.,tests,94,0,426,426,4,machine-learning,agent-orchestration,35124
agent-pixelrag,https://github.com/StarTrail-org/PixelRAG.git,bd4f0d548fb4a6a9ee66189f344f6e90ba5a89a2,pixelrag_render,render/src,tests,27,3,34,31,2,machine-learning,agent-orchestration,9403
agent-potpie,https://github.com/potpie-ai/potpie.git,642a72c3444c684d947a5cab6d1ff4fa97c95d93,potpie,.,tests,519,0,1419,1419,5,machine-learning,agent-orchestration,5569
agent-pptagent,https://github.com/icip-cas/PPTAgent.git,2419d30b134a71486523e95ded60b32489fd3c61,pptagent,.,pptagent/test,30,0,6,6,1,machine-learning,agent-orchestration,4908
agent-praisonai,https://github.com/MervinPraison/PraisonAI.git,172cd3cb511ec1a7f2f8c2427f40b76912f96671,praisonai_deploy,src/praisonai-deploy,src/praisonai-deploy/tests,33,0,203,203,3,machine-learning,agent-orchestration,8813
agent-readme-ai,https://github.com/eli64s/readme-ai.git,6f507b5f87795799649cfe5eb78d8644f8c2eac8,readmeai,.,tests,74,0,356,356,4,machine-learning,agent-orchestration,2968
agent-reme,https://github.com/agentscope-ai/ReMe.git,1f67a6ce2938810be364a7305729d56ceabba38d,reme,.,tests,204,1,1169,1168,5,machine-learning,agent-orchestration,3293
agent-rllm,https://github.com/rllm-org/rllm.git,3b40c37cf6a262cf4d28cc987ebe4f4cf797956c,rllm,.,tests,284,5,997,992,5,machine-learning,agent-orchestration,5775
agent-simplemem,https://github.com/aiming-lab/SimpleMem.git,db80b6a7c591e0ea730a058e9f5fc4eb06572299,simplemem,.,tests,156,0,8,8,3,machine-learning,agent-orchestration,3682
agent-solace-agent-mesh,https://github.com/SolaceLabs/solace-agent-mesh.git,f71e744842a66331a7dbb33e5fba8319dc892d12,cli,.,tests,40,82,152,70,3,machine-learning,media-graphics,4958
agent-superagi,https://github.com/TransformerOptimus/SuperAGI.git,c3c1982e7bd6a11cfed53c5a193ea502f924b1b6,superagi,.,tests,266,1,113,112,4,machine-learning,agent-orchestration,17652
agent-taskweaver,https://github.com/microsoft/TaskWeaver.git,d44ddef23f90059fb17999d3095db4240e98f955,taskweaver,.,tests,118,0,104,104,4,machine-learning,agent-orchestration,6178
agent-tradingagents,https://github.com/TauricResearch/TradingAgents.git,9dee508c44662702281a8dbaad1f7b42179b5ba7,tradingagents,.,tests,72,0,581,581,4,machine-learning,quant-finance,97208
agent-vanna,https://github.com/vanna-ai/vanna.git,365d0617c1a4567ffee1b19b40c27feb4206bfcf,vanna,src,tests,283,2,202,200,5,machine-learning,agent-orchestration,23823
aiocache,https://github.com/aio-libs/aiocache.git,ae5948b2d99dcaa68fe02fd3086a3351a867c85b,aiocache,.,tests,12,0,389,389,2,databases-storage,structures-caching,1200
aiodns,https://github.com/aio-libs/aiodns.git,231f5bdb242966f0d76b7464380e68f06202d7d0,aiodns,.,tests,3,0,149,149,1,databases-storage,web-protocol,1000
aiofiles,https://github.com/Tinche/aiofiles.git,5381a3925480e9ec1191f293acc14bb87c631fc8,aiofiles,src,tests,10,1,215,214,2,databases-storage,concurrency-io,2900
aioresponses,https://github.com/pnuckowski/aioresponses.git,f95f26bdf226b0c8329e7d4e96b623a3dc33ab22,aioresponses,.,tests,3,0,36,36,1,databases-storage,testing-tooling,1000
akquant,https://github.com/akfamily/akquant.git,9e2f57860af4dd9799a6ce97ebefc936358f738c,akquant,python,tests,135,1,1965,1964,5,databases-storage,quant-finance,1977
akshare,https://github.com/akfamily/akshare.git,8e95744b79ae22326308ccd2b4e62650c5b53c55,akshare,.,tests,406,0,35,35,4,graphics-vision,quant-finance,21931
alive-progress,https://github.com/rsalmei/alive-progress.git,69d9bf0aba6276e2434a3a595cceca55040d64d7,alive_progress,.,tests,29,0,563,563,3,compilers-languages,cli-terminal,5800
annoy-index,https://github.com/spotify/annoy.git,379f744667aba6b40ba3db8a07678df173a88f74,annoy,.,test,1,0,95,95,1,machine-learning,structures-caching,13000
anyio,https://github.com/agronholm/anyio.git,51725067e46f39cced7686bc670997ba8b5a7fa9,anyio,src,tests,46,0,643,643,4,databases-storage,concurrency-io,1900
anylabeling,https://github.com/vietanhdev/anylabeling.git,130e44d1b9afd9d54d950cccfd37ce1298ae1a32,anylabeling,.,tests,59,4,119,115,3,graphics-vision,media-graphics,3446
apscheduler,https://github.com/agronholm/apscheduler.git,e1afa7471d1fc2c3ea7a2b730ef68db20743774a,apscheduler,src,tests,45,0,231,231,3,databases-storage,datetime-locale,6600
arctic,https://github.com/man-group/arctic.git,3cf2a9ce3a7f2c2544ececd20d0f4f5b917f7b2a,arctic,.,tests,61,0,497,497,4,databases-storage,data-storage,3085
argos-translate,https://github.com/argosopentech/argos-translate.git,17ed1a9b055c5ba1b51d76b683bbb0c64e2a4a88,argostranslate,.,tests,15,0,29,29,1,machine-learning,translation-i18n,6354
ariadne,https://github.com/mirumee/ariadne.git,d1238266e5354d4b42c173d0ebb3f5ab47c9b299,ariadne,.,tests,70,0,837,837,4,databases-storage,web-protocol,2200
arq,https://github.com/python-arq/arq.git,5ee4b48cf6faf4dc181f1ccb76dfb1bc1fedf9bf,arq,.,tests,12,0,30,30,1,databases-storage,data-storage,2400
arrow,https://github.com/arrow-py/arrow.git,2224255c4acc594d734cef0bbc83360452a67983,arrow,.,tests,10,2,1900,1898,3,databases-storage,datetime-locale,8600
arviz,https://github.com/arviz-devs/arviz.git,2de05e6fc29b0d26f8d12cba046516e0e5f95621,arviz,src,tests,1,1,8,7,1,scientific-computing,numeric-linalg,1600
asciimatics,https://github.com/peterbrittain/asciimatics.git,bf0cea87b50439e40a5c7b708d64da4195314a60,asciimatics,.,tests,54,0,181,181,3,graphics-vision,cli-terminal,3800
astroid,https://github.com/pylint-dev/astroid.git,a927049a4aafe244632c0d8e98117d5f3e3e5a88,astroid,.,tests,96,1,1406,1405,5,compilers-languages,parsing-languages,1000
audioread,https://github.com/beetbox/audioread.git,9b749f0c4d61df763ac6dbf151c64a2366fcf2c3,audioread,.,test,8,0,6,6,1,machine-learning,media-graphics,1000
authlib,https://github.com/authlib/authlib.git,c529a61af40e3efe05286140e00fbdced07d7987,authlib,.,tests,214,0,994,994,5,compilers-languages,crypto-numbertheory,5396
authlib-jose,https://github.com/lepture/authlib.git,c529a61af40e3efe05286140e00fbdced07d7987,authlib,.,tests,214,0,995,995,5,crypto-security,crypto-numbertheory,4700
autokeras,https://github.com/keras-team/autokeras.git,a2446cf16edcca48ba558d70ac5345e4f30c78e1,autokeras,.,autokeras,52,0,198,198,3,machine-learning,learning,9328
avro-py,https://github.com/apache/avro.git,d02512a5d7cc75c552ec1a7fcd50ed01b960911c,avro,lang/py,lang/py/avro/test,19,2,135,133,2,databases-storage,serialization-wire,3100
aws-sdk-pandas,https://github.com/aws/aws-sdk-pandas.git,c476f5754218f49f7b4a7b518c3aff123ac5bd43,awswrangler,.,tests,152,0,169,169,4,machine-learning,data-storage,4116
babel,https://github.com/python-babel/babel.git,6ba6701e790f2f4b482ab5919cdf79f9cfef259b,babel,.,tests,27,0,327,327,3,compilers-languages,translation-i18n,1300
backoff,https://github.com/litl/backoff.git,d82b23c42d7a7e2402903e71e7a7f03014a00076,backoff,.,tests,9,0,120,120,1,databases-storage,resilience-control,2800
backtesting-py,https://github.com/kernc/backtesting.py.git,ca2e2611621e472542ba90f7243a1fa06a7d7108,backtesting,.,backtesting/test,7,0,79,79,1,databases-storage,quant-finance,8778
backtrader,https://github.com/mementum/backtrader.git,b853d7c90b6721476eb5a5ea3135224e33db1f14,backtrader,.,tests,171,0,6,6,3,quant-finance,quant-finance,16000
bard-api,https://github.com/dsdanielpark/Bard-API.git,d5398b93027c11cb7eb6a4ec2c51db15ba800afd,bardapi,.,tests,25,0,10,10,1,databases-storage,web-protocol,5186
behave,https://github.com/behave/behave.git,336b00a10c812a0b9011494992cff70f374d05bf,behave,.,tests,79,0,1640,1640,5,compilers-languages,testing-tooling,3200
bertopic,https://github.com/MaartenGr/BERTopic.git,9036123c97aaa9a6cc4bec4a6db1a7caf9209df6,bertopic,.,tests,56,0,273,273,3,machine-learning,learning,7780
billiard,https://github.com/celery/billiard.git,8bf63612659bf01ad8183070caefc2daa7881f55,billiard,.,t/unit,28,0,47,47,2,databases-storage,concurrency-io,1000
blacksheep,https://github.com/Neoteroi/BlackSheep.git,b5d548b345fe800269cbbbf21126ba1f3a2426a0,blacksheep,.,tests,94,0,971,971,4,databases-storage,web-protocol,2100
bleach,https://github.com/mozilla/bleach.git,f0355a7af00500482c5292c6c83290c6a178068d,bleach,.,tests,43,0,436,436,3,compilers-languages,text-strings,2700
blinker,https://github.com/pallets-eco/blinker.git,c3364059663df1ddce32799d6b1922af89a345f6,blinker,src,tests,3,0,25,25,1,compilers-languages,web-protocol,1000
boltons,https://github.com/mahmoud/boltons.git,78ec69cac4465c57bb7debafcf3181d7d1ceaa76,boltons,.,tests,30,0,519,519,3,machine-learning,structures-caching,6910
box-python,https://github.com/cdgriffith/Box.git,a4c10e977b574114613431394b30412b50aaacce,box,.,test,8,0,159,159,2,databases-storage,structures-caching,2700
browser-harness,https://github.com/browser-use/browser-harness.git,c942d7431879b141ad88eadce9e43235953ac479,browser_harness,src,tests,14,1,271,270,2,machine-learning,agent-orchestration,16636
browser-use,https://github.com/browser-use/browser-use.git,e25ab65e699af3031a1f2d348526de2844be0e89,browser_use,.,tests,163,0,1193,1193,5,machine-learning,agent-orchestration,108651
bson-py,https://github.com/py-bson/bson.git,4e6b4c206f7204034ef74bff8ae84a95d76d1684,bson,.,tests,7,0,31,31,1,databases-storage,serialization-wire,1000
bt-backtest,https://github.com/pmorissette/bt.git,3985b484b5b6bef3eb2551cd8ab1d28efa4f52d3,bt,.,tests,4,0,237,237,1,quant-finance,quant-finance,2400
bump2version,https://github.com/c4urself/bump2version.git,1044c085ba7d32d73c9cd7ca4561a7ec624c6b19,bumpversion,.,tests,8,0,138,138,1,compilers-languages,packaging-devenv,1100
cachetools,https://github.com/tkem/cachetools.git,4500e3d04288738d25acbb4973eb3c3e1bf41db9,cachetools,src,tests,5,0,333,333,1,databases-storage,structures-caching,2300
cachier,https://github.com/python-cachier/cachier.git,e5fd990d646b05764977fe20f3e846c9e3d59076,cachier,src,tests,19,12,361,349,3,databases-storage,structures-caching,1000
cairosvg,https://github.com/Kozea/CairoSVG.git,3b7a250c9e955db9c3cdf525d5b5027a9a396201,cairosvg,.,cairosvg,16,0,7,7,1,graphics-vision,media-graphics,1000
camelot,https://github.com/atlanhq/camelot.git,cd8ac7979fe3631866fe439f07e9d6aaa5b1e5c6,camelot,.,tests,17,0,5,5,1,databases-storage,media-graphics,3700
catalogue-explosion,https://github.com/explosion/catalogue.git,4c815128eb73a4ecc54080d29810d080b2139ab8,catalogue,.,catalogue/tests,3,0,7,7,1,compilers-languages,text-strings,1000
category-encoders,https://github.com/scikit-learn-contrib/category_encoders.git,756459cc459c61a0896f9d284af30573aaca94c2,category_encoders,.,tests,29,3,420,417,3,machine-learning,learning,2400
cerberus,https://github.com/pyeve/cerberus.git,65e977de08ab76d4b40ca981972f9ff68926ed63,cerberus,.,cerberus/tests,8,0,246,246,2,databases-storage,serialization-wire,3100
chardet,https://github.com/chardet/chardet.git,e9603fad69cdc5d34d03616682650acd4891eb5d,chardet,src,tests,31,11,2195,2184,4,compilers-languages,text-strings,2200
charset-normalizer,https://github.com/jawah/charset_normalizer.git,b130b7dae36658c7ba67381fe06a62c7c7c03894,charset_normalizer,src,tests,12,0,264,264,2,compilers-languages,text-strings,1000
chatterbot,https://github.com/gunthercox/ChatterBot.git,10b56f750f3bcbff745a24c93ccfc00e3258c9bc,chatterbot,.,tests,67,0,181,181,3,machine-learning,learning,14506
chevron,https://github.com/noahmorrison/chevron.git,5e1c12827b7fc3db30cb3b24cae9a7ee3092822b,chevron,.,test_spec.py,5,0,28,28,1,compilers-languages,parsing-languages,1000
chromadb-index,https://github.com/chroma-core/chroma.git,34f8e76bae6195b91160e78b2e47a397055aa3ab,chromadb,.,chromadb/test,140,0,390,390,4,machine-learning,structures-caching,15000
circuitbreaker,https://github.com/fabfuel/circuitbreaker.git,f7f216c05abf8eac3e024b859bf0e7fb0245b835,circuitbreaker,.,tests,1,0,63,63,1,databases-storage,resilience-control,1000
cirq,https://github.com/quantumlib/Cirq.git,cfa8a846f9960b4ad24eadfcde40be33d0b98596,cirq_ionq,cirq-ionq,cirq-ionq/cirq_ionq,17,0,496,496,3,scientific-computing,numeric-linalg,5040
cli,https://github.com/httpie/cli.git,5b604c37c6c67e18e7c3e9aee6c88a8c22b98345,httpie,.,tests,78,0,1017,1017,4,compilers-languages,cli-terminal,38407
click,https://github.com/pallets/click.git,6aabf099bfdd4c1e75fe8d0e0d4241372b988ab1,click,src,tests,17,0,2058,2058,3,compilers-languages,cli-terminal,15000
cloudpickle,https://github.com/cloudpipe/cloudpickle.git,9608d892e55927b2c3c375a5b952ef23771e7d38,cloudpickle,.,tests,3,0,244,244,1,compilers-languages,serialization-wire,1700
code-review-graph,https://github.com/tirth8205/code-review-graph.git,b58668751ab0c7670c078cf7cbd4d1f5b8e54f81,code_review_graph,.,tests,72,6,2926,2920,5,machine-learning,testing-tooling,29706
colorama,https://github.com/tartley/colorama.git,841634ed2a0da5d5ac2d867db533da8131266cb2,colorama,.,colorama/tests,6,0,7,7,1,compilers-languages,cli-terminal,3600
colorcet,https://github.com/holoviz/colorcet.git,9f23c9659e81a3bd9b23c7bf874d5c9323f07c16,colorcet,.,colorcet/tests,6,0,435,435,2,graphics-vision,media-graphics,1000
colorful,https://github.com/timofurrer/colorful.git,3d5cbc6ef52255455e103dd6dd7cb2ce8b5ea91a,colorful,.,tests,7,0,254,254,2,compilers-languages,cli-terminal,1000
colour-science,https://github.com/colour-science/colour.git,907242acd5e514a94b626a9dcf4bfe953aa0b8dc,colour,.,colour/tests,456,0,7,7,4,graphics-vision,numeric-linalg,2200
commitizen,https://github.com/commitizen-tools/commitizen.git,0c8b051af9a62f64d4d21c38e3c8213a5bb7f1e1,commitizen,.,tests,61,0,949,949,4,compilers-languages,packaging-devenv,2600
confection,https://github.com/explosion/confection.git,b3adaf460c4d9e9b2a22a4601f61b7ea71891d2a,confection,.,tests,9,0,281,281,2,compilers-languages,config-schema,1000
configargparse,https://github.com/bw2/ConfigArgParse.git,04fb885605a3aaa165b71c8f72fd7bbbc93ca469,configargparse,.,tests,1,0,150,150,1,compilers-languages,parsing-languages,1000
connexion,https://github.com/spec-first/connexion.git,a23d44e0e0421fd83f5ba132269bcfd04b855a16,connexion,.,tests,54,0,470,470,4,databases-storage,web-protocol,4600
cookiecutter,https://github.com/cookiecutter/cookiecutter.git,c88fbe921c97c58b65f1883ba90a0ab53cc91b34,cookiecutter,.,tests,18,0,230,230,2,compilers-languages,packaging-devenv,23000
crontab-py,https://github.com/josiahcarlson/parse-crontab.git,0a0e53059e2f8b5c992723030bba08438d6c611e,crontab,.,tests,2,0,13,13,1,databases-storage,datetime-locale,1000
cryptography,https://github.com/pyca/cryptography.git,3e92fbd7c89f386e4c0c05d9779dd441e8a0222f,cryptography_vectors,vectors,tests,2,1205,1990,785,1,crypto-security,crypto-numbertheory,7696
cryptography-fernet,https://github.com/pyca/cryptography.git,3e92fbd7c89f386e4c0c05d9779dd441e8a0222f,cryptography,src,tests,78,0,4140,4140,5,crypto-security,crypto-numbertheory,6500
csvkit,https://github.com/wireservice/csvkit.git,ba8033dcbb2c72089e88f38a1a50ddfc8e5ac3df,csvkit,.,tests,23,0,79,79,2,databases-storage,serialization-wire,6200
curio,https://github.com/dabeaz/curio.git,c29701fbb8d0a7b8f28ea60639b36b75f5550366,curio,.,tests,22,0,241,241,3,databases-storage,concurrency-io,4100
cytoolz,https://github.com/pytoolz/cytoolz.git,6bb54f1f57e3ab9979c7984f54856be2c75e3282,cytoolz,.,cytoolz,6,52,194,142,1,compilers-languages,structures-caching,1000
dask,https://github.com/dask/dask.git,9dc535daa30d7d36d63d4a003b54342fbc7032db,dask,.,dask/tests,182,0,377,377,5,scientific-computing,concurrency-io,13000
data-diff,https://github.com/datafold/data-diff.git,1410c6cd0b915ae24a15e03a7de15ff41beebaf0,data_diff,.,tests,48,0,23,23,2,databases-storage,text-strings,2987
databases-encode,https://github.com/encode/databases.git,ae3fb16f40201d9ed0ed31bea31a289127169568,databases,.,tests,16,0,11,11,1,databases-storage,data-storage,4000
dataclasses-json,https://github.com/lidatong/dataclasses-json.git,dc63902eeb5e1c5ce1ea4e078c50e0eb9bc1a541,dataclasses_json,.,tests,9,0,323,323,2,databases-storage,structures-caching,1400
dataflow,https://github.com/OpenDCAI/DataFlow.git,d1057ebb0b6ea99eb98f2e9d28aeedcaafdb8caf,dataflow,.,test,371,9,86,77,5,machine-learning,agent-orchestration,7268
datar,https://github.com/pwwang/datar.git,66d426e4bc6570b155b43ae4aa7d21609b745ca6,datar,.,tests,27,0,403,403,3,databases-storage,structures-caching,1000
dataset,https://github.com/pudo/dataset.git,db592cc041014762bba55fd544e982170831f227,dataset,.,test,6,0,61,61,1,databases-storage,data-storage,4870
dataset-toolkit,https://github.com/pudo/dataset.git,db592cc041014762bba55fd544e982170831f227,dataset,.,test,6,0,61,61,1,databases-storage,data-storage,4700
dateutil-tz-mirror,https://github.com/regebro/tzlocal.git,6ef2c295f36c6053b13dc77e59e629d943e3ac91,tzlocal,.,tests,5,0,19,19,1,databases-storage,datetime-locale,1000
deap,https://github.com/DEAP/deap.git,8a96fd3a75026f7b30e835f595a5199c75634ddf,deap,.,tests,21,0,45,45,2,scientific-computing,numeric-linalg,6000
deepdoctection,https://github.com/deepdoctection/deepdoctection.git,6d7700398f7e8032d05424a1a1a6f64034e1fbb1,dd_datasets,packages/dd_datasets/src,packages/dd_datasets/tests,19,0,23,23,1,graphics-vision,media-graphics,3204
deepface,https://github.com/serengil/deepface.git,ae08a3a10df2d5e6144b08037cc54d3137e9f007,deepface,.,tests,84,0,34,34,3,machine-learning,learning,23260
deprecated,https://github.com/laurent-laporte-pro/deprecated.git,d135459ef6c1fdd005f28c6e2cf7915e8fb8d0e1,deprecated,.,tests,4,5,185,180,1,compilers-languages,packaging-devenv,1000
dill,https://github.com/uqfoundation/dill.git,c5af48904dd2227e274ffe9c5defde645144ea36,dill,.,dill/tests,14,0,88,88,2,compilers-languages,serialization-wire,2400
diskcache,https://github.com/grantjenks/python-diskcache.git,ebfa37cd99d7ef716ec452ad8af4b4276a8e2233,diskcache,.,tests,7,5,248,243,2,databases-storage,structures-caching,2500
dj-stripe,https://github.com/dj-stripe/dj-stripe.git,40882bbcd7e44710244372dec44d9f0e494c7432,djstripe,.,tests,53,0,549,549,4,databases-storage,data-storage,1786
django-extensions,https://github.com/django-extensions/django-extensions.git,9bdf31556675e795c7c7c4f033f194dc075d5919,django_extensions,.,tests,105,0,534,534,4,databases-storage,web-protocol,6600
django-money,https://github.com/django-money/django-money.git,b255e278870a24cf70b200787c5fa4c8081df465,djmoney,.,tests,36,0,434,434,3,quant-finance,web-protocol,1700
django-rest-framework,https://github.com/encode/django-rest-framework.git,dd2349525461e533a61ab140e746714738a59dd5,rest_framework,.,tests,72,0,789,789,4,databases-storage,web-protocol,30127
django-tables2,https://github.com/jieter/django-tables2.git,34cdba3e13d7ee2aa15f07321ff2f3c8a7d259af,django_tables2,.,tests,27,0,357,357,3,databases-storage,web-protocol,1900
dllm,https://github.com/ZHZisZZ/dllm.git,ca176752fbceec49c6b4777a2c18ae88e4eb10ed,dllm,.,scripts/tests,108,0,82,82,3,machine-learning,learning,2666
docformatter,https://github.com/PyCQA/docformatter.git,d5c7b771738f595ff06ed91a614aebdc70982bf1,docformatter,src,tests,22,0,27,27,2,compilers-languages,parsing-languages,1000
dotenv,https://github.com/theskumar/python-dotenv.git,a00cb2eed0704cd6d2071b2004c37e95ccc86ee5,dotenv,src,tests,8,0,251,251,2,databases-storage,config-schema,7500
dramatiq,https://github.com/Bogdanp/dramatiq.git,3ccb3562cf4169b7eb6fd64746790c9a88d1cb89,dramatiq,.,tests,55,1,17,16,2,databases-storage,data-storage,4600
e2b,https://github.com/e2b-dev/E2B.git,e2612237c1e0f638943fa30a94317de1180423a0,e2b_code_interpreter,packages/code-interpreter-python,packages/code-interpreter-python/tests,8,0,32,32,1,machine-learning,agent-orchestration,13343
easyr1,https://github.com/hiyouga/EasyR1.git,6ee3c3b3a01032f3d1bd3b719c9cf1ca978234ef,verl,.,tests,64,0,16,16,2,machine-learning,learning,5107
emcee,https://github.com/dfm/emcee.git,636797bcd7d88eca59d2ea3039a82a15aed6a90c,emcee,src,src/emcee/tests,24,0,89,89,2,scientific-computing,numeric-linalg,1500
environs,https://github.com/sloria/environs.git,4e57a32ffecb64b7c6df06748086987d3bc8c86e,environs,src,tests,4,0,134,134,1,databases-storage,config-schema,1200
evaluate-metrics,https://github.com/huggingface/evaluate.git,a7dd338386a4fae9a1767e05eb9ef9479513d9e8,evaluate,src,tests,28,0,47,47,2,machine-learning,learning,2000
evernote-backup,https://github.com/vzhd1701/evernote-backup.git,61a217ad1d07137ce7944cb167ce2edcd1aeff33,evernote_backup,.,tests,34,0,391,391,3,databases-storage,packaging-devenv,1698
exchange-calendars,https://github.com/gerrymanoim/exchange_calendars.git,5de07333a58052eee033246bfe63f24e71da958f,exchange_calendars,.,tests,94,0,10185,10185,5,quant-finance,datetime-locale,1000
eyed3,https://github.com/nicfit/eyeD3.git,0efc904b2c815d01ff5f1ca9881656ecd2e4294d,eyed3,.,tests,35,0,119,119,3,databases-storage,serialization-wire,1000
factory-boy,https://github.com/FactoryBoy/factory_boy.git,ae9f2f4650afef0bc9b0925de97f618603233ff8,factory,.,tests,15,1,354,353,2,compilers-languages,testing-tooling,3600
faker,https://github.com/joke2k/faker.git,59a6872a547248bb40cdd0f809089a605c68467f,faker,.,tests,749,0,2402,2402,5,databases-storage,text-strings,19367
fastapi,https://github.com/fastapi/fastapi.git,50113da16fec53b66b80d75e80a89296de4fa5a5,fastapi,.,tests,48,0,117,117,3,compilers-languages,web-protocol,101474
fastapi-params,https://github.com/tiangolo/fastapi.git,50113da16fec53b66b80d75e80a89296de4fa5a5,fastapi,.,tests,48,0,117,117,3,databases-storage,web-protocol,78000
fastapi-users,https://github.com/fastapi-users/fastapi-users.git,e9c57ff7ff2fd385bb0f6f795b524e9736b64290,fastapi_users,.,tests,35,0,581,581,3,compilers-languages,web-protocol,6214
fcos,https://github.com/tianzhi0549/FCOS.git,a773f1281275cf1e1cdaa0ca8c4a06b33036bb71,fcos_core,.,tests,121,0,6,6,2,graphics-vision,learning,3346
ffmpeg-python,https://github.com/kkroening/ffmpeg-python.git,df129c7ba30aaa9ffffb81a48f53aa7253b0b4e6,ffmpeg,.,ffmpeg/tests,9,2,65,63,1,graphics-vision,media-graphics,11000
finance,https://github.com/shashankvemuri/Finance.git,46f830c7d24efc76285fe9596b950f82bdda657d,finance,src,tests,46,0,169,169,3,machine-learning,quant-finance,4152
financepy,https://github.com/domokane/FinancePy.git,19226d9554dea847ae54d0047783154f2c30e6e9,financepy,.,unit_tests,217,0,957,957,5,quant-finance,quant-finance,2200
finquant,https://github.com/fmilthaler/FinQuant.git,55112a9b3d5182cb291225ea530fce5b403e49e6,finquant,.,tests,14,0,5,5,1,quant-finance,quant-finance,1813
finta,https://github.com/peerchemist/finta.git,af01fa594995de78f5ada5c336e61cd87c46b151,finta,.,tests,3,0,88,88,1,quant-finance,quant-finance,2200
flashtext,https://github.com/vi3k6i5/flashtext.git,f49274459bc9879789c6e6bb64bf05af755de0b3,flashtext,.,test,2,0,28,28,1,machine-learning,text-strings,5715
flask,https://github.com/pallets/flask.git,d318b683471101618febed18996405ad26462110,flask,src,tests,24,0,485,485,3,databases-storage,web-protocol,72166
flask-smorest,https://github.com/marshmallow-code/flask-smorest.git,99a7e439bef20dac99b5e4afb5e2ddd020e4b321,flask_smorest,src,tests,14,0,536,536,3,databases-storage,web-protocol,1000
flask-sqlalchemy,https://github.com/pallets-eco/flask-sqlalchemy.git,80ac6ef26bd12a6b5472a494d541a7d2442a38a4,flask_sqlalchemy,src,tests,10,0,395,395,2,databases-storage,web-protocol,4300
flower,https://github.com/flwrlabs/flower.git,3687d74638ed7d42c65921403cceabb5bf43d679,devtool,dev,dev/devtool,11,0,5,5,1,databases-storage,packaging-devenv,7067
folium,https://github.com/python-visualization/folium.git,6a72da659a93fa1154a2cf3fa5afacdd6f44f8e5,folium,.,tests,49,15,371,356,3,graphics-vision,geo-spatial,7000
freezegun,https://github.com/spulec/freezegun.git,92d61b3f5c31942a1039713574487bdcfcdbbfff,freezegun,.,tests,4,0,136,136,1,compilers-languages,datetime-locale,4200
fsspec,https://github.com/fsspec/filesystem_spec.git,13b0bce86a52b7c9a393753fc0381f3c5a955622,fsspec,.,fsspec/tests,48,0,629,629,4,databases-storage,data-storage,1200
ftfy,https://github.com/rspeer/python-ftfy.git,74dd0452b48286a3770013b3a02755313bd5575e,ftfy,.,tests,9,0,330,330,2,compilers-languages,text-strings,3900
funcy,https://github.com/Suor/funcy.git,19e9617383cd48dfbc4074dab11df9157ece98b0,funcy,.,tests,16,0,205,205,2,compilers-languages,structures-caching,3600
garmindb,https://github.com/tcgoetz/GarminDB.git,62409888d853d7cf4acd1bb7320337ce9f942176,garmindb,.,test,44,1,12,11,2,databases-storage,geo-spatial,3246
genshi,https://github.com/edgewall/genshi.git,4eea1c278bcd2459b996f7f6b445de3d1786a00b,genshi,.,genshi/tests,22,0,5,5,1,compilers-languages,parsing-languages,1000
gensim,https://github.com/piskvorky/gensim.git,37f90ec121eb7cd401448a947e80953e0c53ccdc,gensim,.,gensim/test,83,0,73,73,3,databases-storage,learning,16481
gensim-similarities,https://github.com/piskvorky/gensim.git,37f90ec121eb7cd401448a947e80953e0c53ccdc,gensim,.,gensim/test,83,0,73,73,3,machine-learning,learning,15000
geojson-py,https://github.com/jazzband/geojson.git,82055e8679bbcdef5bd7fc0a3c7168e86cbd3d12,geojson,.,tests,10,0,70,70,1,scientific-computing,geo-spatial,1000
geopandas,https://github.com/geopandas/geopandas.git,ffb3ceba639b8017c40b2448e4d373e651b16e02,geopandas,.,geopandas/tests,30,1,1302,1301,4,scientific-computing,geo-spatial,4700
geopy,https://github.com/geopy/geopy.git,402cbba8b093e5e3f89c81b902f576d65608a123,geopy,.,test,44,0,499,499,3,scientific-computing,geo-spatial,4600
gin-config,https://github.com/google/gin-config.git,a78151c6c5a44435e37708212c5c3a10adb65a99,gin,.,tests,18,0,122,122,2,machine-learning,config-schema,2100
gitsome,https://github.com/donnemartin/gitsome.git,d7c57abc7cb66e9c910a844f15d4536866da3310,gitsome,.,tests,73,0,10,10,2,compilers-languages,web-protocol,7681
glances,https://github.com/nicolargo/glances.git,84da2bfa0b9b0743e191f68b20b063a1f491084a,glances,.,tests,156,0,809,809,5,compilers-languages,cli-terminal,33289
godot-gdscript-toolkit,https://github.com/Scony/godot-gdscript-toolkit.git,f61a1f3a9f2f757813bd5176a28903502bd44959,gdtoolkit,.,tests,48,0,1053,1053,4,databases-storage,parsing-languages,1592
gpytorch,https://github.com/cornellius-gp/gpytorch.git,6272eda426c7d4115b0911efcf053a37ab956af9,gpytorch,.,test,163,17,332,315,4,machine-learning,learning,3600
graphene,https://github.com/graphql-python/graphene.git,82903263080b3b7f22c2ad84319584d7a3b1a1f6,graphene,.,graphene/tests,53,0,31,31,2,graphics-vision,web-protocol,8232
graphify,https://github.com/Graphify-Labs/graphify.git,c9f99018774e2e0380e9f65b3959944559a0d5f6,graphify,.,tests,86,24,5059,5035,5,machine-learning,media-graphics,104989
graphql-core,https://github.com/graphql-python/graphql-core.git,4d4ac3ffd4800b11c9922a339c79116795e5bed4,graphql,src,tests,151,0,19,19,3,databases-storage,web-protocol,1600
graphrag,https://github.com/microsoft/graphrag.git,f40e9a26ce62ba0b3fef8837d24aafdcc6e6c704,graphrag_input,packages/graphrag-input,tests,15,299,394,95,2,machine-learning,agent-orchestration,35391
griffe,https://github.com/mkdocstrings/griffe.git,ecd5349aad5711c652f7b0dd08eb4c954b8d81d2,griffe,packages/griffelib/src,packages/griffelib/tests,45,0,1772,1772,4,compilers-languages,parsing-languages,1000
guidance-grammar,https://github.com/guidance-ai/guidance.git,21b1d90dfbebff4b141df70c714c8af15aa5f4af,guidance,.,tests,72,0,1710,1710,4,machine-learning,parsing-languages,19000
h11,https://github.com/python-hyper/h11.git,62c5068c971579d61fa1b55373390e12f25fd856,h11,.,h11/tests,11,0,28,28,1,databases-storage,web-protocol,1000
h2,https://github.com/python-hyper/h2.git,bc239af1d1b85bc70482804f30a0e0e587d90a08,h2,src,tests,12,0,1662,1662,3,databases-storage,web-protocol,1000
halo,https://github.com/manrajgrover/halo.git,b76fa94abae4505d0d5b14dcf1d77521c02482e4,halo,.,tests,5,0,54,54,1,compilers-languages,cli-terminal,3000
hashids-py,https://github.com/davidaurelio/hashids-python.git,09f879a1967836f1e399c12b745c24291e3e73ad,hashids,.,test,1,0,60,60,1,crypto-security,crypto-numbertheory,1400
hmmlearn,https://github.com/hmmlearn/hmmlearn.git,e01a10e99df1042e4c1e6b7c822fd292dd37502f,hmmlearn,src,src/hmmlearn/tests,9,0,63,63,1,machine-learning,learning,3100
holoviews,https://github.com/holoviz/holoviews.git,8110aee6029f61c444ffb18fca6bcec987e4fc27,holoviews,.,holoviews/tests,140,0,719,719,5,graphics-vision,media-graphics,2800
hpack,https://github.com/python-hyper/hpack.git,d05cff4cd462658847f67c48700aab40b2ba8cf1,hpack,src,tests,8,0,88,88,1,databases-storage,web-protocol,1000
httpcore,https://github.com/encode/httpcore.git,10a658221deb38a4c5b16db55ab554b0bf731707,httpcore,.,tests,31,0,208,208,3,databases-storage,web-protocol,1000
httpretty,https://github.com/gabrielfalcao/HTTPretty.git,f9f012711597634d40066d144a36888b3addcc46,httpretty,.,tests,7,0,10120,10120,3,databases-storage,web-protocol,2100
httpstat,https://github.com/reorx/httpstat.git,b37cd4655c0b0595dbf5be4466abd1dcbc202b84,httpstat,.,tests,1,1,54,53,1,compilers-languages,web-protocol,6217
httpx-core,https://github.com/encode/httpx.git,b5addb64f0161ff6bfe94c124ef76f6a1fba5254,httpx,.,tests,23,0,806,806,3,databases-storage,web-protocol,13000
humanize,https://github.com/python-humanize/humanize.git,3201e702ed7eae506f793fad0aec204f387aeb4c,humanize,src,tests,7,0,709,709,2,compilers-languages,text-strings,2000
hyperopt,https://github.com/hyperopt/hyperopt.git,9834314879c09c13e0b8e93eb678408ba46441a8,hyperopt,.,hyperopt/tests,30,0,149,149,3,machine-learning,numeric-linalg,7300
ibis,https://github.com/ibis-project/ibis.git,05d2b293344e86cb41c1a426071734f7e270335a,ibis,.,ibis/tests,182,0,128,128,4,databases-storage,data-storage,6623
identify,https://github.com/pre-commit/identify.git,68668e7d11368e039dd2e4a3a8a72f3895dd1ae6,identify,.,tests,7,0,540,540,2,compilers-languages,config-schema,1000
idna-py,https://github.com/kjd/idna.git,cd1739200f3bf07871372bcb31c271de136eaccf,idna,.,tests,10,0,6445,6445,3,compilers-languages,text-strings,1000
image-super-resolution,https://github.com/idealo/image-super-resolution.git,3d0790510690742a1984ff9af6a4a13e5eee8224,ISR,.,tests,19,0,27,27,1,machine-learning,media-graphics,4818
imagededup,https://github.com/idealo/imagededup.git,f0534a6ec10c02379c627696fbd486841068631c,imagededup,.,tests,22,0,79,79,2,graphics-vision,media-graphics,5661
imageio-ffmpeg,https://github.com/imageio/imageio-ffmpeg.git,ae47d8028c237ca5507ceef1b843ee427b442887,imageio_ffmpeg,.,tests,6,0,32,32,1,graphics-vision,media-graphics,1000
imageio-formats,https://github.com/imageio/imageio.git,319335265d293c4cf18705dbe11dcc1515702a97,imageio,.,tests,49,1,99,98,3,graphics-vision,parsing-languages,1500
imbalanced-learn,https://github.com/scikit-learn-contrib/imbalanced-learn.git,8504e95f0160f61d1b617ca66f779646d2ee609e,imblearn,.,imblearn/tests,57,0,1876,1876,4,machine-learning,learning,6800
imgaug,https://github.com/aleju/imgaug.git,0101108d4fed06bc5056c4a03e2bcb0216dac326,imgaug,.,test,45,0,5055,5055,5,graphics-vision,media-graphics,14738
immutables,https://github.com/MagicStack/immutables.git,1317f9d607b2a540aca37716e902adba56925a99,immutables,.,tests,5,0,158,158,1,compilers-languages,structures-caching,1200
inflect,https://github.com/jaraco/inflect.git,262a247d2d99a47a520cdb2d46adb90df88b4326,inflect,.,tests,3,0,207,207,1,compilers-languages,text-strings,1000
inquirerpy,https://github.com/kazhala/InquirerPy.git,714d9068896c1a1f9f4d1354f43f922cd5cfe16d,InquirerPy,.,tests,29,0,72,72,2,compilers-languages,cli-terminal,1000
instructor,https://github.com/jxnl/instructor.git,5ea35cdb1860842622a670360d690d603cc04f36,instructor,.,tests,196,1,2948,2947,5,machine-learning,learning,8000
isort,https://github.com/PyCQA/isort.git,131f4adcd5582bfc53928ab0d740eceb8b506b6c,isort,.,tests,45,2,633,631,4,compilers-languages,parsing-languages,6500
itsdangerous,https://github.com/pallets/itsdangerous.git,672971d66a2ef9f85151e53283113f33d642dabd,itsdangerous,src,tests,8,0,297,297,2,crypto-security,crypto-numbertheory,2900
itsdangerous-full,https://github.com/pallets/itsdangerous.git,672971d66a2ef9f85151e53283113f33d642dabd,itsdangerous,src,tests,8,0,297,297,2,crypto-security,crypto-numbertheory,2900
jiagu,https://github.com/ownthink/Jiagu.git,82e14779fb2a6554b3acb2131d712ae2f8a550eb,jiagu,.,test,16,0,7,7,1,machine-learning,text-strings,3428
jinja-full,https://github.com/pallets/jinja.git,5ef70112a1ff19c05324ff889dd30405b1002044,jinja2,src,tests,25,0,911,911,3,compilers-languages,parsing-languages,10900
jinja-sandbox,https://github.com/pallets/jinja.git,5ef70112a1ff19c05324ff889dd30405b1002044,jinja2,src,tests/test_security.py,25,0,10,10,1,compilers-languages,parsing-languages,10900
jionlp,https://github.com/dongrixinyu/JioNLP.git,a15c176ddb285b8bfe1f8a3be7b921594eb0da81,jionlp,.,test,91,0,9,9,2,machine-learning,text-strings,3862
jmespath,https://github.com/jmespath/jmespath.py.git,2812594e69d43098ef60f81f4efc404c071b0418,jmespath,.,tests,8,0,991,991,2,databases-storage,parsing-languages,2100
joblib,https://github.com/joblib/joblib.git,320c02ffdcdc8d49eace7c60bb043db41dae2bee,joblib,.,joblib,44,0,51,51,2,scientific-computing,concurrency-io,4100
jrnl,https://github.com/jrnl-org/jrnl.git,90de4948d79a4fca8c7238dd2487b599f458c903,jrnl,.,tests,49,0,695,695,4,compilers-languages,packaging-devenv,7288
jsonschema-validator,https://github.com/python-jsonschema/jsonschema.git,865c27fc3df08a082740d7743583795235fdfe81,jsonschema,.,jsonschema/tests,24,0,513,513,3,machine-learning,serialization-wire,4700
jupyter-client,https://github.com/jupyter/jupyter_client.git,978361b3785dcd9cba6c733f4555e833e88fc0df,jupyter_client,.,tests,38,0,276,276,3,compilers-languages,packaging-devenv,1000
jupyter-core,https://github.com/jupyter/jupyter_core.git,4c4f526adab04ae6bf7821f65a5adbd011aa27ac,jupyter_core,.,tests,9,0,78,78,1,compilers-languages,packaging-devenv,1000
jupytext,https://github.com/mwouts/jupytext.git,d87fb786f8e0b00b39bfd220a276b429ed6e7328,jupytext,src,tests,31,0,4115,4115,4,compilers-languages,packaging-devenv,6900
justhtml,https://github.com/EmilStenstrom/justhtml.git,4c824c64b6ce4e85542d89496f89d220f9630492,justhtml,src,tests,40,0,1464,1464,4,machine-learning,parsing-languages,1148
keybert,https://github.com/MaartenGr/KeyBERT.git,6ce2da222663f97530350f0e2260d022a7a8a20f,keybert,.,tests,26,0,97,97,2,machine-learning,learning,3600
kombu,https://github.com/celery/kombu.git,0dd217edc3455d43a8cbfdf2031d9a64301fc24b,kombu,.,t/unit,80,0,1183,1183,4,databases-storage,data-storage,3000
labelme,https://github.com/wkentaro/labelme.git,80fbb7ca551615dc049cf2943b349b5c95dafcbe,labelme,.,tests,48,0,1429,1429,4,machine-learning,media-graphics,16091
langchain-core,https://github.com/langchain-ai/langchain.git,fa942aec719abd92026dcb56cab8e50a38776611,langchain_core,libs/core,libs/core/tests,181,4,2249,2245,5,machine-learning,agent-orchestration,92000
langextract,https://github.com/google/langextract.git,bd5d1ebb51db51e9f6d054c026489d1d8127b005,langextract,.,tests,46,0,751,751,4,machine-learning,text-strings,38043
layout-parser,https://github.com/Layout-Parser/layout-parser.git,04e28168d820eea3a1ff1e098078323e7b48648b,layoutparser,src,tests,32,0,13,13,2,machine-learning,parsing-languages,5771
libretranslate,https://github.com/LibreTranslate/LibreTranslate.git,4aca61bd807021e13258456a9e4224b996f655f2,libretranslate,.,libretranslate/tests,19,0,15,15,1,databases-storage,translation-i18n,15967
librosa-features,https://github.com/librosa/librosa.git,f808bac0812469049fd8167c87f45813b7d57b32,librosa,.,tests,35,0,10543,10543,5,graphics-vision,media-graphics,7000
lightrag,https://github.com/HKUDS/LightRAG.git,0ac2c5b00262602cf39911030e928af2f9039332,lightrag,.,tests,172,0,4110,4110,5,machine-learning,agent-orchestration,38730
lime,https://github.com/marcotcr/lime.git,fd7eb2e6f760619c29fca0187c07b82157601b32,lime,.,lime/tests,13,0,18,18,1,machine-learning,learning,11000
litgpt,https://github.com/Lightning-AI/litgpt.git,7962f28f2dfb93d029c42450237268d9602e6d7b,litgpt,.,tests,60,4,1196,1192,4,machine-learning,learning,13610
llama_index,https://github.com/run-llama/llama_index.git,d2ac544a27c73d2a68e9c57efec4b2ac0ef99892,llama_dev,llama-dev,llama-dev/tests,12,0,10,10,1,machine-learning,agent-orchestration,51537
lmdb-py,https://github.com/jnwatson/py-lmdb.git,74724aee34977ae971a6261028f7fcd298e3c077,lmdb,.,tests,7,0,451,451,2,databases-storage,structures-caching,1000
lmfit,https://github.com/lmfit/lmfit-py.git,fe389bbbd1fe936cd73742bd81fc6fce7ac92858,lmfit,.,tests,12,0,620,620,2,scientific-computing,numeric-linalg,1100
logbook,https://github.com/getlogbook/logbook.git,628800b014d0c07582a76795b2d307248bf530b7,logbook,src,tests,13,0,247,247,2,compilers-languages,cli-terminal,1000
loguru,https://github.com/Delgan/loguru.git,48acf77ac2b3296acc67069511b99cc3ca3d0c41,loguru,.,tests,19,31,1651,1620,3,compilers-languages,cli-terminal,20000
loky,https://github.com/joblib/loky.git,20b4c33e128b237346ccd9c0f3b85edf8907faa0,loky,.,tests,21,0,317,317,3,compilers-languages,concurrency-io,1000
ltp,https://github.com/HIT-SCIR/ltp.git,1f042d48b0a785ff7875b2e63c1439ef8c78995c,ltp_core,python/core,python/core/tests,63,0,25,25,2,machine-learning,text-strings,5260
m3u8,https://github.com/globocom/m3u8.git,bfbfd48fccf446471dde0731f68f23d6c8299301,m3u8,.,tests,8,1,257,256,2,databases-storage,parsing-languages,2275
markdown,https://github.com/Python-Markdown/markdown.git,c74b8d84aee380847dd28d16f6b827d027623908,markdown,.,tests,32,0,111,111,3,compilers-languages,parsing-languages,3900
markupsafe,https://github.com/pallets/markupsafe.git,b2e4d9c7687be25695fffbe93a37622302b24fb1,markupsafe,src,tests,2,1,79,78,1,crypto-security,text-strings,600
marshmallow,https://github.com/marshmallow-code/marshmallow.git,74e0043254d2390afe7f8ac83162bb99fd0aafe1,marshmallow,src,tests,14,0,1190,1190,3,databases-storage,serialization-wire,7000
memori,https://github.com/MemoriLabs/Memori.git,10d65015007131a69b2597fa5130da58da24a0c2,memori,.,tests,135,0,546,546,4,machine-learning,agent-orchestration,15745
mempalace,https://github.com/MemPalace/mempalace.git,d9f059076c866fa6f29195679d75712436986024,mempalace,.,tests,85,0,4414,4414,5,machine-learning,agent-orchestration,58284
mercury,https://github.com/mljar/mercury.git,3c3636c0bd8a8a7febf411731e0022ad8eb7e6ec,mercury,.,mercury/tests,37,0,410,410,3,databases-storage,packaging-devenv,4348
meshio,https://github.com/nschloe/meshio.git,b2ee99842e119901349fdeee06b5bf61e01f450a,meshio,src,tests,87,0,652,652,4,scientific-computing,numeric-linalg,2100
meshroom,https://github.com/alicevision/Meshroom.git,ca1a2e435b851cb3149d16ea3be2253afb77d11c,meshroom,.,tests,84,0,369,369,4,graphics-vision,media-graphics,12889
mimesis,https://github.com/lk-geimfari/mimesis.git,b285fd17ada4c916338c08fc105b8b72bda0630a,mimesis,.,tests,57,0,8702,8702,5,compilers-languages,text-strings,4500
mineru,https://github.com/opendatalab/MinerU.git,4fe4bde114a23ee5dd637eae99b767f4669bf58c,mineru,.,tests,216,0,8,8,3,machine-learning,media-graphics,77295
missingno,https://github.com/ResidentMario/missingno.git,570fa089ba6338e02342ed990bbc1b0bedc54314,missingno,.,tests,4,0,21,21,1,databases-storage,structures-caching,4000
mistune,https://github.com/lepture/mistune.git,a1b50bc12e066e5707ff797f821829bfcdab03b5,mistune,src,tests,38,0,1157,1157,4,compilers-languages,parsing-languages,2600
mkdocs,https://github.com/mkdocs/mkdocs.git,2862536793b3c67d9d83c33e0dd6d50a791928f8,mkdocs,.,mkdocs/tests,35,0,44,44,2,compilers-languages,packaging-devenv,20000
mkdocstrings,https://github.com/mkdocstrings/mkdocstrings.git,9a11dcb8e9b39ff6e1a22abdd362350de4e68e9f,mkdocstrings,src,tests,11,0,57,57,1,compilers-languages,packaging-devenv,1900
mlxtend,https://github.com/rasbt/mlxtend.git,c12b7e764ff6d25eccd1fe2aaeffc62d66d0384d,mlxtend,.,mlxtend,118,0,723,723,5,machine-learning,learning,5170
model-bakery,https://github.com/model-bakers/model_bakery.git,67f6d6f5fbac29e32cde751d4013775b9ea9b90c,model_bakery,.,tests,11,0,329,329,2,compilers-languages,learning,1000
money-py,https://github.com/carlospalol/money.git,1e51f651f93edd62c16eb3d7aa034fec03096046,money,.,money/tests,5,0,20,20,1,quant-finance,quant-finance,1000
monkeytype,https://github.com/Instagram/MonkeyType.git,15e7bca60146a7afbde46ee8782a0c650f781c74,monkeytype,.,tests,15,0,365,365,2,compilers-languages,parsing-languages,4900
more-itertools,https://github.com/more-itertools/more-itertools.git,b656ecc0a64e328549a9858af1c4b609f9922b07,more_itertools,.,tests,3,0,745,745,1,compilers-languages,structures-caching,3900
morphik-core,https://github.com/morphik-org/morphik-core.git,7f72d71244c97fb12f6e2d29ae496b2e05cc0bd1,core,.,core/tests,87,0,90,90,3,machine-learning,data-storage,3704
mpmath,https://github.com/mpmath/mpmath.git,08041f8d7d4dc1323c40165b74a75a73875c23bf,mpmath,.,mpmath/tests,54,0,2142,2142,4,scientific-computing,crypto-numbertheory,1000
msgpack-python,https://github.com/msgpack/msgpack-python.git,7a6392014dd248a03539f043b13d4eaa25b2fcef,msgpack,.,test,4,0,135,135,1,databases-storage,serialization-wire,1000
msgspec-struct,https://github.com/jcrist/msgspec.git,3f67b348156c1a8a051d1f634500dd64901004c2,msgspec,src,tests,11,16,6352,6336,3,databases-storage,serialization-wire,2500
mutagen,https://github.com/quodlibet/mutagen.git,ada28b2cc92c515f3f26640a6feef6516d195872,mutagen,.,tests,57,0,4055,4055,5,databases-storage,serialization-wire,1600
mutmut,https://github.com/boxed/mutmut.git,b1d127060ad4f79d2e81f8317842263435586851,mutmut,src,tests,27,0,53,53,2,compilers-languages,testing-tooling,3000
mycli,https://github.com/dbcli/mycli.git,f99b987834adaf103ea92f14707a78a60c15c5ff,mycli,.,test,61,0,2485,2485,4,databases-storage,data-storage,11960
myst-parser,https://github.com/executablebooks/MyST-Parser.git,723cffcf84213f0cb58695b27eec9ad72052b53a,myst_parser,.,tests,30,0,1240,1240,4,compilers-languages,parsing-languages,1000
nbclient,https://github.com/jupyter/nbclient.git,0811ff44c63c9853c4d6ba7265d7042ca7f8742a,nbclient,.,tests,8,0,126,126,1,compilers-languages,packaging-devenv,1000
nbformat,https://github.com/jupyter/nbformat.git,4346f97c9d435f41ddfe76d28758b23796fdcf5a,nbformat,.,tests,38,0,192,192,3,compilers-languages,parsing-languages,1000
networkx-algorithms,https://github.com/networkx/networkx.git,0db8227000872d7a9f6ce84c54ba1e5e99429122,networkx,.,networkx/algorithms/tests,288,0,1866,1866,5,scientific-computing,numeric-linalg,15000
networkx-flow,https://github.com/networkx/networkx.git,0db8227000872d7a9f6ce84c54ba1e5e99429122,networkx,.,networkx/algorithms/flow/tests,288,0,79,79,4,scientific-computing,numeric-linalg,15000
networkx-full,https://github.com/networkx/networkx.git,0db8227000872d7a9f6ce84c54ba1e5e99429122,networkx,.,networkx/algorithms/tests,288,0,1866,1866,5,scientific-computing,numeric-linalg,15000
neuralforecast,https://github.com/Nixtla/neuralforecast.git,7fa0b0ba51adb1d8f91f78df4382efc1e7ae9ec5,neuralforecast,.,tests,54,0,397,397,4,machine-learning,learning,3200
nlp-recipes,https://github.com/microsoft/nlp-recipes.git,7db6d204e5116da07bb3c549df546e49cb7ab5a5,utils_nlp,.,tests,94,0,20,20,3,machine-learning,learning,6429
nodeenv,https://github.com/ekalinin/nodeenv.git,bb12812cf66b2ff5a0a382cda99564d16076fdbf,nodeenv,.,tests,1,0,196,196,1,compilers-languages,packaging-devenv,1700
nose2,https://github.com/nose-devs/nose2.git,704c9a3dfc8a96f669ec922124cdcd596dc78459,nose2,.,nose2/tests,48,37,60,23,3,compilers-languages,testing-tooling,1000
nox,https://github.com/wntrblm/nox.git,a525fb69765e172bfecfe50aaacfeec7f224bbb6,nox,.,tests,24,0,836,836,3,compilers-languages,testing-tooling,1400
odfpy,https://github.com/eea/odfpy.git,f1cb77cb74e996b181925268f37e1aeff902ef33,odf,.,tests,34,4,113,109,3,databases-storage,serialization-wire,1000
omegaconf,https://github.com/omry/omegaconf.git,a8bcf1f001d24a40d1d4821a424c25d4e4525c42,omegaconf,.,tests,84,0,8555,8555,5,machine-learning,config-schema,2100
omlx,https://github.com/jundot/omlx.git,aa8db73496bd8367989e2862f50b315885b9b91a,omlx,.,tests,406,68,4015,3947,5,machine-learning,agent-orchestration,18581
openai-agents-python,https://github.com/openai/openai-agents-python.git,d3761b3e7b55b147610991bf736ce5ea0161cc82,agents,src,tests,307,0,4947,4947,5,machine-learning,agent-orchestration,28542
openclaw-rl,https://github.com/Gen-Verse/OpenClaw-RL.git,f48ac358adf9873b5cb2210f1cb234a52ed8a8a3,slime,slime,slime/tests,123,1,10,9,3,databases-storage,agent-orchestration,5628
optuna,https://github.com/optuna/optuna.git,7a9f24ccb08ce0ded3b6b303fc527b6328f11e14,optuna,.,tests,208,0,1687,1687,5,machine-learning,numeric-linalg,14639
orjson-compat,https://github.com/ijl/orjson.git,6737895a1a4e3e26df0569a40147893a786f9a58,orjson,pysrc,test,1,11,886,875,1,databases-storage,serialization-wire,6300
outcome,https://github.com/python-trio/outcome.git,03ed6218b08001877745bb1a9e180c8c5cf7c903,outcome,src,tests,4,0,10,10,1,databases-storage,resilience-control,1000
outlines-fsm,https://github.com/outlines-dev/outlines.git,c52af8472c6fe8a607a733ec11b709476af77a96,outlines,src,tests,47,0,942,942,4,machine-learning,learning,9000
packaging-py,https://github.com/pypa/packaging.git,10590c194edb33c82f84a127883d6097c56b7840,packaging,src,tests,22,0,62433,62433,5,compilers-languages,parsing-languages,1000
pageindex,https://github.com/VectifyAI/PageIndex.git,ae304b01454d3f67b1fbc50c06703af45aa45427,pageindex,.,tests,94,0,426,426,4,machine-learning,agent-orchestration,35124
paho-mqtt,https://github.com/eclipse-paho/paho.mqtt.python.git,ac779fe09f4797781718fd64f045e27c37b30ce0,paho,src,tests,11,0,113,113,2,databases-storage,web-protocol,2400
palettable,https://github.com/jiffyclub/palettable.git,de1760e713a27ee65631e2b981293e9c5e03bb34,palettable,.,test,51,0,9,9,2,graphics-vision,numeric-linalg,1000
pampy,https://github.com/santinic/pampy.git,c9378ed8f82f73cbbbf858b5defc87eef75d1e87,pampy,.,tests,3,0,41,41,1,compilers-languages,parsing-languages,3600
papermill,https://github.com/nteract/papermill.git,e4e4ddd362037309c53ab5230541759707779687,papermill,.,papermill/tests,18,0,546,546,3,compilers-languages,packaging-devenv,6200
param-holoviz,https://github.com/holoviz/param.git,9234b485fe5ac5f23c7b756d073beaf091aed111,param,.,tests,12,0,1227,1227,3,compilers-languages,config-schema,1000
parse-py,https://github.com/r1chardj0n3s/parse.git,8059e320eccf40d750843006dd2ef25197bbff74,parse,.,tests,1,0,97,97,1,compilers-languages,parsing-languages,1900
parsedatetime,https://github.com/bear/parsedatetime.git,2a4b16901794f8dc71721d51aef6e1ecd643868b,parsedatetime,.,tests,15,0,84,84,2,databases-storage,parsing-languages,1000
parsel,https://github.com/scrapy/parsel.git,1c869dd26c85135ff5cfbc6adb0aac20dad8d89d,parsel,.,tests,5,0,300,300,1,compilers-languages,parsing-languages,1000
parsimonious,https://github.com/erikrose/parsimonious.git,eb79639859a9697a86c0992a045174a8856b5fb0,parsimonious,.,parsimonious/tests,6,3,84,81,1,compilers-languages,parsing-languages,1800
parsy,https://github.com/python-parsy/parsy.git,03deafa98a17adc27b1f650241701b2d21902b3e,parsy,src,tests,1,0,83,83,1,compilers-languages,parsing-languages,1100
patsy,https://github.com/pydata/patsy.git,6062afcb2bac341b70b07c318ddbf472d8341c47,patsy,.,patsy,24,0,147,147,2,scientific-computing,numeric-linalg,1000
pdfminer-six,https://github.com/pdfminer/pdfminer.six.git,a18de2a9c479b4c847538500017b449ddaec177e,pdfminer,.,tests,32,0,152,152,3,compilers-languages,serialization-wire,7016
pdfplumber,https://github.com/jsvine/pdfplumber.git,4c64b92d5caccd71c645e98e0fabb0c4dba7ff45,pdfplumber,.,tests,20,1,170,169,2,databases-storage,serialization-wire,8100
pdfsyntax,https://github.com/desgeeko/pdfsyntax.git,475d42babeecdc42ffe978dca45f107fbc4f9a7f,pdfsyntax,.,tests,13,0,61,61,2,databases-storage,serialization-wire,1012
pendulum,https://github.com/sdispater/pendulum.git,0d71391ab2b617b2e86d15c926e6cde9fddc5676,pendulum,src,tests,117,0,1617,1617,5,databases-storage,datetime-locale,6500
petl,https://github.com/petl-developers/petl.git,d613fce0a0ecaafd337fabf829111414d2f29c4c,petl,.,petl/test,60,0,11,11,2,databases-storage,serialization-wire,1300
pgcli,https://github.com/dbcli/pgcli.git,8e4aef4fe1bf36db25a80e1478d3952a11c839f1,pgcli,.,tests,28,0,2645,2645,4,databases-storage,data-storage,13343
pika,https://github.com/pika/pika.git,6f9859317c981251f13736c94c4e9bc2d32877b5,pika,.,tests,31,5,1171,1166,4,databases-storage,data-storage,3600
pingouin,https://github.com/raphaelvallat/pingouin.git,35f88a7e90f9e801ad0cf92e25605fea3fb3192c,pingouin,src,tests,20,0,87,87,2,scientific-computing,numeric-linalg,1700
pint,https://github.com/hgrecco/pint.git,7107f9fd678d0e9b84c854386fb1b457327af694,pint,.,pint/testsuite,72,1,2880,2879,5,scientific-computing,numeric-linalg,2400
pint-units,https://github.com/hgrecco/pint.git,7107f9fd678d0e9b84c854386fb1b457327af694,pint,.,pint/testsuite,72,1,2881,2880,5,scientific-computing,numeric-linalg,2400
pip-tools,https://github.com/jazzband/pip-tools.git,c58d5d945c0f20e9713e10f5fea2491a5c984f39,piptools,.,tests,33,0,985,985,4,compilers-languages,packaging-devenv,7900
pipelines,https://github.com/kubeflow/pipelines.git,0101c314b1d513da73213322aa23150f4826b24e,kfpr,release,release/kfpr,5,0,153,153,1,machine-learning,packaging-devenv,4180
platformdirs,https://github.com/tox-dev/platformdirs.git,a209bf88a0c5937d784baa1cddd67f69f4b411d2,platformdirs,src,tests,9,0,1065,1065,2,compilers-languages,config-schema,1000
plotnine,https://github.com/has2k1/plotnine.git,e3696f048a1f748114dd37ecc1109bff8af201be,plotnine,.,tests,224,0,840,840,5,graphics-vision,media-graphics,4200
pluggy,https://github.com/pytest-dev/pluggy.git,4821148db2f4c6daa62ad8bdcae2918ecf27a731,pluggy,src,testing,8,0,144,144,1,compilers-languages,testing-tooling,1300
portalocker,https://github.com/wolph/portalocker.git,c86f80c2505de8e44fb9d2493eb94ab96201fef6,portalocker,.,portalocker_tests,9,0,520,520,2,compilers-languages,concurrency-io,1000
posting,https://github.com/darrenburns/posting.git,56703a11513e8e74e681b4f859f31945b71e746f,posting,src,tests,70,0,134,134,3,compilers-languages,web-protocol,12248
presidio,https://github.com/data-privacy-stack/presidio.git,5e2fcea990aa3b99660d2aea9121d0ba74a8940b,presidio_analyzer,presidio-analyzer,presidio-analyzer/tests,175,0,3246,3246,5,graphics-vision,learning,10417
pretty-midi,https://github.com/craffel/pretty-midi.git,646f7d3b938ba8216f9dd5c4d3f23d017fa0d22e,pretty_midi,.,tests,7,0,14,14,1,scientific-computing,media-graphics,1000
prettytable,https://github.com/prettytable/prettytable.git,2a6cd4fb41bc6754eac57b43fc6dbd43b08ae368,prettytable,src,tests,5,0,338,338,1,compilers-languages,text-strings,1500
priority,https://github.com/python-hyper/priority.git,532ace514de40ebf9a9c0a4418cbfb0e72c8f7a4,priority,src,test,2,0,170,170,1,databases-storage,web-protocol,1000
prisma-client-py,https://github.com/RobertCraigie/prisma-client-py.git,f2d1d7e73e88207f4e1fa9823abee36d7648b440,prisma,src,tests,60,0,6,6,2,databases-storage,data-storage,2098
prompt-toolkit-buffer,https://github.com/prompt-toolkit/python-prompt-toolkit.git,583b3412c792a5cc9f01adde603679f3824a88f3,prompt_toolkit,src,tests,145,0,156,156,4,compilers-languages,cli-terminal,9400
promptify,https://github.com/promptslab/Promptify.git,bc5ed081a7a4d7be90e798dd48c324fd4c57bd2a,promptify,.,tests,36,0,78,78,3,machine-learning,agent-orchestration,4632
prophet,https://github.com/facebook/prophet.git,79ef5ecbe85179a3a2afa3b62f0d2a6b223cc7db,prophet,python,python/prophet/tests,16,0,90,90,2,quant-finance,quant-finance,18000
pulp-lp,https://github.com/coin-or/pulp.git,7c1790ad6cfb5e43f93ab74fceee878391f917c5,pulp,.,pulp/tests,29,1,20,19,2,scientific-computing,numeric-linalg,2000
py-cui,https://github.com/jwlodek/py_cui.git,5e6f3d1cdd9c457b8a5be5f7fbfd269d8987bd62,py_cui,.,tests,17,2,97,95,2,graphics-vision,cli-terminal,1000
py-moneyed,https://github.com/py-moneyed/py-moneyed.git,4c90ed511d0a768490f2351455a642700926753c,moneyed,src,tests,4,0,57,57,1,quant-finance,quant-finance,1000
pybreaker,https://github.com/danielfm/pybreaker.git,3c436f208f5ed012532e2ece55cf3d571f4c3a66,pybreaker,src,tests,1,0,80,80,1,databases-storage,resilience-control,1000
pybroker,https://github.com/edtechre/pybroker.git,95e00fecb1006490601aca7e2e8de609f032e12d,pybroker,src,tests,20,0,5230,5230,4,quant-finance,quant-finance,3472
pyca-nacl,https://github.com/pyca/pynacl.git,fddb5f3a012baa28d5ead6497ab2ae72c4221246,nacl,src,tests,30,0,4661,4661,4,crypto-security,crypto-numbertheory,1100
pydantic-core-py,https://github.com/pydantic/pydantic.git,2261ae19e2e09f792f06613360c83fc829238111,pydantic,.,tests,105,1565,1807,242,5,machine-learning,serialization-wire,21000
pydantic-extra-types,https://github.com/pydantic/pydantic-extra-types.git,20f7f79e311a5d28947588021fe70480472ae931,pydantic_extra_types,.,tests,30,0,13640,13640,5,databases-storage,serialization-wire,1000
pydash,https://github.com/dgilland/pydash.git,f46de3669742c075e5379c1e193c86c1c2c70dc2,pydash,src,tests,15,0,2276,2276,3,compilers-languages,structures-caching,1200
pyexcel,https://github.com/pyexcel/pyexcel.git,0bfeee32704678a9da498d62b5c55dc8d474853e,pyexcel,.,tests,63,11,548,537,4,databases-storage,serialization-wire,1200
pyfakefs,https://github.com/pytest-dev/pyfakefs.git,7469541df6332f9a68c0b1751890bc8337e7a1e7,pyfakefs,.,pyfakefs/tests,23,0,955,955,3,compilers-languages,testing-tooling,1100
pygad,https://github.com/ahmedfgad/GeneticAlgorithmPython.git,703461dfc66966f0089567e82a7b9518732ad5dc,pygad,.,tests,38,0,870,870,4,scientific-computing,numeric-linalg,1900
pygments-formatters,https://github.com/pygments/pygments.git,38f426a6b1cd4ffc6429f5808031b7c62ea57b1f,pygments,.,tests,343,0,5331,5331,5,compilers-languages,parsing-languages,1700
pyinstrument,https://github.com/joerick/pyinstrument.git,5b48ef61c3405d653cbeb8a00209339fc62557c9,pyinstrument,.,test,30,0,113,113,3,databases-storage,concurrency-io,7998
pyjwt-full,https://github.com/jpadilla/pyjwt.git,b738d4cbc142bc4309af59309f703c147f539e1d,jwt,.,tests,12,0,221,221,2,crypto-security,crypto-numbertheory,5300
pyod,https://github.com/yzhao062/pyod.git,34f7996effac700a5166d882d5e94c6e6078fae3,pyod,.,pyod/test,98,3,1186,1183,5,machine-learning,learning,9956
pyotp,https://github.com/pyauth/pyotp.git,cc156832fa9f3d5af7fb9e4e6b86b29dfc5b69f1,pyotp,src,test.py,8,0,28,28,1,crypto-security,crypto-numbertheory,3000
pyotp-full,https://github.com/pyauth/pyotp.git,cc156832fa9f3d5af7fb9e4e6b86b29dfc5b69f1,pyotp,src,test.py,8,0,28,28,1,crypto-security,crypto-numbertheory,3000
pyparsing,https://github.com/pyparsing/pyparsing.git,efd56db4e59f36b1673ce0eb0823e3afaa9d1201,pyparsing,.,tests,17,0,139,139,2,compilers-languages,parsing-languages,2400
pypdf,https://github.com/py-pdf/pypdf.git,d8fe3e733bfda007aafc609378920e554ea5c092,pypdf,.,tests,59,1,1212,1211,4,databases-storage,serialization-wire,9500
pyphen,https://github.com/Kozea/Pyphen.git,708189702c917b95832b164bfd5fc6082f348d76,pyphen,.,tests,1,0,16,16,1,compilers-languages,text-strings,1000
pypika,https://github.com/kayak/pypika.git,5e800d83a0f0ae14210410c02fd97e51e2e3f1d5,pypika,.,pypika/tests,16,4,1098,1094,3,databases-storage,parsing-languages,2600
pyportfolioopt,https://github.com/robertmartin8/PyPortfolioOpt.git,a6638d2e06dae6f444fd022cfd4b3c528902a85b,pypfopt,.,tests,18,0,277,277,2,quant-finance,quant-finance,4500
pyramid,https://github.com/Pylons/pyramid.git,948c6bac3b8ec5160e85e3bf9653c767c978ed94,pyramid,src,tests,61,0,2571,2571,4,databases-storage,web-protocol,4091
pyright-py-mirror,https://github.com/RobertCraigie/pyright-python.git,392b6ba8e54be6d603e02e9f8d601d27b7a48d12,pyright,src,tests,11,0,34,34,1,compilers-languages,parsing-languages,1000
pyrsistent,https://github.com/tobgu/pyrsistent.git,0c0b7aec8cd25b1d2d8ba07b10acdefd0f38f2c7,pyrsistent,.,tests,16,0,523,523,3,compilers-languages,structures-caching,2100
pysubs2,https://github.com/tkarabela/pysubs2.git,34d6ca5534ffd46cfa460d73aff79521eded2055,pysubs2,.,tests,22,0,144,144,2,compilers-languages,parsing-languages,1000
pytest-asyncio-plugin,https://github.com/pytest-dev/pytest-asyncio.git,cb94811f3daea4bbbcf90a5f69eaaf20cee94b5d,pytest_asyncio,.,tests,2,0,22,22,1,compilers-languages,concurrency-io,1500
python-benedict,https://github.com/fabiocaccamo/python-benedict.git,ba7e1466dcd0871a45f3024ab18d18171c38bbdf,benedict,.,tests,64,31,880,849,4,databases-storage,structures-caching,1500
python-docx,https://github.com/python-openxml/python-docx.git,e45454602b53e8e572b179ccf1c91093ec9f4ed7,docx,src,tests,95,0,404,404,4,databases-storage,serialization-wire,5000
python-engineio,https://github.com/miguelgrinberg/python-engineio.git,740d905780f559aa4ae66f80d2cec401174f80f2,engineio,src,tests,26,0,344,344,3,databases-storage,web-protocol,1000
python-fire,https://github.com/google/python-fire.git,716bbc23d7eca949fdb682172283c8d18f742cb6,fire,.,fire,25,0,261,261,3,compilers-languages,cli-terminal,28207
python-jose,https://github.com/mpdavis/python-jose.git,018b310ddb8b50dcfd09a0c152117835a21dd656,jose,.,tests,15,0,457,457,3,crypto-security,crypto-numbertheory,1600
python-pptx,https://github.com/scanny/python-pptx.git,278b47b1dedd5b46ee84c286e77cdfb0bf4594be,pptx,src,tests,101,0,566,566,4,databases-storage,serialization-wire,2900
python-socketio,https://github.com/miguelgrinberg/python-socketio.git,ef141e9c66ce35a988039e4d456b5e35895097a6,socketio,src,tests,31,0,650,650,3,databases-storage,web-protocol,4100
python-telegram-bot,https://github.com/python-telegram-bot/python-telegram-bot.git,3d72ea2a5a7fc11116a23ee86307a3ab62f10f3e,telegram,src,tests,234,0,8073,8073,5,databases-storage,web-protocol,29395
pytorch-forecasting,https://github.com/sktime/pytorch-forecasting.git,2c580761bf5d7c9672d10b6e841de9e4197425b7,pytorch_forecasting,.,tests,191,0,327,327,5,machine-learning,learning,4968
pytorch-grad-cam,https://github.com/jacobgil/pytorch-grad-cam.git,704393448a7b0c620ee2c2b9597723f1d7f17b3d,pytorch_grad_cam,.,tests,39,0,21,21,2,machine-learning,learning,12950
pytorch-metric-learning,https://github.com/KevinMusgrave/pytorch-metric-learning.git,c8350998ebc8aacf2c45de50e2556bc854cc0361,pytorch_metric_learning,src,tests,114,0,33,33,3,machine-learning,learning,6338
pytz-deprecation-shim,https://github.com/pganssle/pytz-deprecation-shim.git,bf0174adfce698e280c623d17fe8e82961de0c48,pytz_deprecation_shim,src,tests,8,0,419,419,2,databases-storage,datetime-locale,1000
pyupgrade,https://github.com/asottile/pyupgrade.git,fbad673bb8f149f3c6022a7dd9c616d39ad8a5e2,pyupgrade,.,tests,56,0,1100,1100,4,compilers-languages,parsing-languages,3000
pyyaml-full,https://github.com/yaml/pyyaml.git,34a9bf82357f4952d8f194a5a31f1c39743652d0,yaml,lib,tests,17,0,1287,1287,3,compilers-languages,serialization-wire,2600
qlib,https://github.com/microsoft/qlib.git,79633dd9506ea689e5400dea0197717b5b3d74b7,qlib,.,tests,229,1,20,19,4,machine-learning,quant-finance,47258
qodo-cover,https://github.com/qodo-ai/qodo-cover.git,adcf55baba40e8fbf8a84e68b70d08bef1e2b9c9,cover_agent,.,tests,44,0,164,164,3,databases-storage,testing-tooling,5596
qrcode,https://github.com/lincolnloop/python-qrcode.git,f92c007498d796e4825638b7d50c14ea51e5457a,qrcode,.,qrcode/tests,25,0,27,27,2,graphics-vision,media-graphics,4600
qrcode-full,https://github.com/lincolnloop/python-qrcode.git,f92c007498d796e4825638b7d50c14ea51e5457a,qrcode,.,qrcode/tests,25,0,27,27,2,graphics-vision,media-graphics,4600
quantstats,https://github.com/ranaroussi/quantstats.git,fbd10daed0227aa0d10da6513f1b15e7e98d7fae,quantstats,.,tests,12,1,125,124,2,quant-finance,quant-finance,7537
questionary,https://github.com/tmbo/questionary.git,5a68c2d3e1d4ed01b9692b487349be66014db65f,questionary,.,tests,19,0,161,161,2,compilers-languages,cli-terminal,1800
radon,https://github.com/rubik/radon.git,54b88e5878b2724bf4d77f97349588b811abdff2,radon,.,radon/tests,12,0,400,400,2,compilers-languages,parsing-languages,1800
rdflib,https://github.com/RDFLib/rdflib.git,581d7189991f84fb21e6b89e1a063908276a0bb1,rdflib,.,test,136,0,9453,9453,5,databases-storage,serialization-wire,2486
redis-py-commands,https://github.com/redis/redis-py.git,c73fdd92c955b9d19fece2def1f8f2bd3de80c27,redis,.,tests,121,0,2093,2093,5,databases-storage,data-storage,12000
refactor-py,https://github.com/isidentical/refactor.git,609a5b2011b25bcba177a0132865f2bb49e369d3,refactor,.,tests,15,0,139,139,2,compilers-languages,parsing-languages,1000
reorder-python-imports,https://github.com/asottile/reorder-python-imports.git,9d91d9122d922112dc60462ed4fff2f8c138e333,reorder_python_imports,.,tests,1,0,150,150,1,compilers-languages,parsing-languages,1000
reportlab-mirror,https://github.com/MrBitBucket/reportlab-mirror.git,c4c83349b7272094f7413f726dcf206dbde7836d,reportlab,src,tests,157,0,17,17,3,graphics-vision,media-graphics,1000
requests-cache,https://github.com/requests-cache/requests-cache.git,dc1807de934276aa06ad515b17dbe3d4529c1007,requests_cache,.,tests,27,0,667,667,3,databases-storage,structures-caching,1400
responses,https://github.com/getsentry/responses.git,2909acd319b174defa336153f8494804b834c49c,responses,.,responses/tests,4,0,233,233,1,databases-storage,testing-tooling,4200
result-py,https://github.com/rustedpy/result.git,0b2a55aa06a5f95110434ff3884db2ea729b7770,result,src,tests,2,0,47,47,1,compilers-languages,resilience-control,1000
retry-py,https://github.com/invl/retry.git,c3f386aa279b130b37a4a4e91e758c7f02ec898c,retry,.,tests,3,0,9,9,1,databases-storage,resilience-control,1000
rich-markup,https://github.com/Textualize/rich.git,9d8f9a372cc5916fd4781fec207ced7ddac2f08f,rich,.,tests,100,0,947,947,4,compilers-languages,cli-terminal,49000
robotframework,https://github.com/robotframework/robotframework.git,71c519fe5423f75dca6e7a7df6e6091d50a9b474,robot,src,utest,254,1,1882,1881,5,databases-storage,testing-tooling,11808
rqalpha,https://github.com/ricequant/rqalpha.git,a5fb4e43879c381e61131399dcc094d495c7080a,rqalpha,.,tests,146,0,85,85,4,databases-storage,quant-finance,6656
s-tui,https://github.com/amanusk/s-tui.git,43d46a12f67b40ed4210103d315150e7bddce121,s_tui,.,tests,29,0,438,438,3,compilers-languages,cli-terminal,5066
s2sphere,https://github.com/sidewalklabs/s2sphere.git,d1d067e8c06e5fbaf0cc0158bade947b4a03a438,s2sphere,.,tests,2,0,59,59,1,scientific-computing,geo-spatial,1000
s3fs,https://github.com/fsspec/s3fs.git,6d5b34b0fcc0d685af115b8e933e665d6775b7ce,s3fs,.,s3fs,6,0,236,236,1,databases-storage,data-storage,1000
sacrebleu,https://github.com/mjpost/sacrebleu.git,c596d9d2072a8f84200574a7a5c56c618e8d37e8,sacrebleu,.,test,34,0,159,159,3,machine-learning,text-strings,1100
sahi,https://github.com/obss/sahi.git,2f7e189651ba4c2bb53a22ff852ddb9a213d3bdf,sahi,.,tests,55,0,266,266,3,machine-learning,learning,5455
schedule,https://github.com/dbader/schedule.git,82a43db1b938d8fdf60103bd41f329e06c8d3651,schedule,.,test_schedule.py,1,0,40,40,1,databases-storage,datetime-locale,11000
scikit-optimize,https://github.com/scikit-optimize/scikit-optimize.git,a2369ddbc332d16d8ff173b12404b03fea472492,skopt,.,skopt/tests,30,0,248,248,3,machine-learning,numeric-linalg,2800
scikit-posthocs,https://github.com/maximtrp/scikit-posthocs.git,f59c84509515a4562f37a9048e0eeaf35f7af9c9,scikit_posthocs,.,tests,7,0,96,96,1,scientific-computing,numeric-linalg,1000
scrapegraph-ai,https://github.com/ScrapeGraphAI/Scrapegraph-ai.git,c75c8084fae2d4f5ba01a8c218bc1168b67e3569,scrapegraphai,.,tests,139,0,254,254,4,databases-storage,agent-orchestration,29334
seaborn,https://github.com/mwaskom/seaborn.git,f04b6cd5484267a0885d1fed068e99dff3a1b226,seaborn,.,tests,54,0,2307,2307,4,machine-learning,media-graphics,13990
segmentation_models-pytorch,https://github.com/qubvel-org/segmentation_models.pytorch.git,74ea8b807d7391e231fb841b3c30f4496d2b295f,segmentation_models_pytorch,.,tests,91,0,321,321,4,machine-learning,learning,11688
sentence-transformers-util,https://github.com/UKPLab/sentence-transformers.git,729f28e551e723a9bac6052e597f379d181bbad7,sentence_transformers,.,tests,211,0,3456,3456,5,machine-learning,learning,15000
sentencepiece,https://github.com/google/sentencepiece.git,d34a6ce933a1963617b4f58c2ebceb581b3f504a,sentencepiece,python/src,python/test,4,0,66,66,1,machine-learning,text-strings,10000
sh,https://github.com/amoffat/sh.git,5e1c810236225ab9a41280cc1a7d9d38ef575086,sh,src,tests,1,0,179,179,1,databases-storage,serialization-wire,7244
sie,https://github.com/superlinked/sie.git,1c7bbe806c1f1fba9929f96e4b4a96b8c462d2fb,sie_sdk,packages/sie_sdk/src,integrations,22,0,97,97,2,machine-learning,agent-orchestration,2753
simplejson,https://github.com/simplejson/simplejson.git,fbc057f87cc0aade75752acbc1a6713fb18199c0,simplejson,.,simplejson/tests,9,0,186,186,2,databases-storage,serialization-wire,1600
slugify,https://github.com/un33k/python-slugify.git,7b6d5d96c1995e6dccb39a19a13ba78d7d0a3ee4,slugify,.,test.py,5,0,82,82,1,compilers-languages,text-strings,1621
smart-open,https://github.com/piskvorky/smart_open.git,e437b8befa7f743b4b45b018a1c291a38843feb5,smart_open,.,tests,19,22,450,428,3,databases-storage,data-storage,3300
snakeviz,https://github.com/jiffyclub/snakeviz.git,39bcc583820675f5f5fd20d6e9ed273e63b0fbfe,snakeviz,.,tests,6,0,6,6,1,compilers-languages,concurrency-io,2400
snorkel,https://github.com/snorkel-team/snorkel.git,45824f9867228c6cb6c9fdc2afd2b7e5bb7fd0b3,snorkel,.,test,82,0,226,226,4,machine-learning,learning,6003
sonnet,https://github.com/google-deepmind/sonnet.git,4a3bae0fe2837f68ef74025952ded3074e20592a,sonnet,.,sonnet,70,0,2358,2358,5,machine-learning,learning,9944
spacy-transformers,https://github.com/explosion/spacy-transformers.git,fac91553c14ddda0106714db55c058345965c3f2,spacy_transformers,.,spacy_transformers/tests,16,10,63,53,2,machine-learning,learning,1400
speech-to-speech,https://github.com/huggingface/speech-to-speech.git,16d7f98ff712fb082d53497937f5456667c84680,speech_to_speech,src,tests,106,8,1544,1536,5,machine-learning,translation-i18n,12017
sqlglot,https://github.com/tobymao/sqlglot.git,1d753d72c6e81e39cfc7160af33673314d4d600e,sqlglot,.,tests,183,1,1246,1245,5,databases-storage,parsing-languages,9512
sqlglot-parse,https://github.com/tobymao/sqlglot.git,1d753d72c6e81e39cfc7160af33673314d4d600e,sqlglot,.,tests,183,1,1246,1245,5,databases-storage,parsing-languages,6800
sqlite-utils,https://github.com/simonw/sqlite-utils.git,85b1be10c81d9dd3567e36faf8dd411e4a8789bd,sqlite_utils,.,tests,10,0,1437,1437,3,databases-storage,data-storage,1700
sqlite-web,https://github.com/coleifer/sqlite-web.git,7750f79578e6a00549a013d44f0ed28bb600a761,sqlite_web,.,tests.py,5,0,97,97,1,databases-storage,data-storage,4144
sqlparse,https://github.com/andialbrecht/sqlparse.git,60cdc649726bf1bc4f1b336050560b336da715ec,sqlparse,.,tests,21,1,507,506,3,databases-storage,parsing-languages,3800
stable-baselines3,https://github.com/DLR-RM/stable-baselines3.git,3246f5060eacd8bff4de575eaafbbc6e0baac376,stable_baselines3,.,tests,64,0,823,823,4,machine-learning,learning,13675
stamina,https://github.com/hynek/stamina.git,ae777564650fda1c6ec24c09d0e73db75eef6dd8,stamina,src,tests,10,0,440,440,2,databases-storage,resilience-control,1000
starlette,https://github.com/Kludex/starlette.git,f03f65c2f98c592773d691b4d309c68b83e568ef,starlette,.,tests,36,0,1239,1239,4,databases-storage,web-protocol,12534
starlette-routing,https://github.com/encode/starlette.git,f03f65c2f98c592773d691b4d309c68b83e568ef,starlette,.,tests,36,0,1239,1239,4,databases-storage,web-protocol,10000
statemachine-py,https://github.com/fgmacedo/python-statemachine.git,78e2b4c919faa2ac1c5196cb6ad5245fe4de7ee5,statemachine,.,tests,62,0,2065,2065,4,compilers-languages,resilience-control,1200
statsd-py,https://github.com/jsocol/pystatsd.git,08d04562d51fe8c8cf84144ba0ebfca5ad3c1e02,statsd,.,statsd,9,0,84,84,1,databases-storage,cli-terminal,1000
structlog,https://github.com/hynek/structlog.git,73393f34b40c15688b3fdd0982889b225f11b59b,structlog,src,tests,21,0,883,883,3,compilers-languages,cli-terminal,3800
stumpy,https://github.com/stumpy-dev/stumpy.git,7c0cff5c0909a7b4a832f0937a11a5ae7721a4bd,stumpy,.,tests,45,0,2338,2338,4,graphics-vision,numeric-linalg,4140
sumy,https://github.com/miso-belica/sumy.git,ab176be57f6f5cb974327c1310bf5e356d05216b,sumy,.,tests,41,0,256,256,3,machine-learning,text-strings,3700
sunpy,https://github.com/sunpy/sunpy.git,b9fb3034f5d5ada85aff6eac17f0cc1625ad5191,sunpy,.,sunpy,185,0,1537,1537,5,scientific-computing,numeric-linalg,1000
superagi,https://github.com/TransformerOptimus/SuperAGI.git,c3c1982e7bd6a11cfed53c5a193ea502f924b1b6,superagi,.,tests,266,1,113,112,4,machine-learning,agent-orchestration,17652
swanlab,https://github.com/SwanHubX/SwanLab.git,ace7b2de222f7478d6b27384a9bfe0df543eb096,swanlab,.,tests,321,0,1801,1801,5,machine-learning,learning,4133
tablib,https://github.com/jazzband/tablib.git,c8ff4e17ed798325a88b6bc3c87530be02a4970f,tablib,src,tests,29,0,183,183,3,databases-storage,serialization-wire,4700
tabpfn,https://github.com/PriorLabs/TabPFN.git,eba409440462590d83b965f42eb8ff3980f009f7,tabpfn,src,tests,89,0,1589,1589,5,machine-learning,learning,7773
tenacity,https://github.com/jd/tenacity.git,3e58094d3bc414975aad9eadf343a32bdb3b89b3,tenacity,.,tests,13,0,184,184,2,databases-storage,resilience-control,6500
tensorboardx,https://github.com/lanpa/tensorboardX.git,48a5f8aee532e086bebacfd0613260874e8899f9,tensorboardX,.,tests,31,6,90,84,2,graphics-vision,media-graphics,7996
termcolor,https://github.com/termcolor/termcolor.git,4ce05dda98e006cdcacb7c855857c5cf8ff0e1e5,termcolor,src,tests,3,0,89,89,1,compilers-languages,cli-terminal,1000
termtosvg,https://github.com/nbedos/termtosvg.git,258a3fdb17faf06d4f1525603185ef18b4ab7920,termtosvg,.,termtosvg/tests,7,0,22,22,1,compilers-languages,cli-terminal,9761
testcontainers-python,https://github.com/testcontainers/testcontainers-python.git,5c70d540e0df919e2de77ce8cc75b5c50cd772e7,testcontainers,src,tests,131,0,325,325,4,databases-storage,data-storage,2268
testfixtures,https://github.com/simplistix/testfixtures.git,f2693b9c84c47727d7044ffb530e0d5e0e19b9ac,testfixtures,src,tests,28,0,1246,1246,3,compilers-languages,testing-tooling,1000
text2vec,https://github.com/shibing624/text2vec.git,073e29c2135bc7805202f69322beb02c358dbe7e,text2vec,.,tests,23,0,36,36,2,machine-learning,learning,4976
textattack,https://github.com/QData/TextAttack.git,f800c2c03baba5c380d7bac69ed6060f131c8bd3,textattack,.,tests,249,5,94,89,4,machine-learning,learning,3462
textblob,https://github.com/sloria/TextBlob.git,2f38244df3e6373e10c1c5949205af1f07053e0d,textblob,src,tests,24,0,211,211,3,machine-learning,text-strings,9548
texthero,https://github.com/jbesomi/texthero.git,37d09f0299fe14329b4fae5002c3a1950e4f563e,texthero,.,tests,8,0,93,93,1,machine-learning,text-strings,2910
texttable,https://github.com/foutaise/texttable.git,b4c00a68626a58944e9bf4d48b1e8d758efa6edb,texttable,.,tests.py,1,0,15,15,1,compilers-languages,text-strings,1000
textual-css,https://github.com/Textualize/textual.git,06dbeef4bb70fb718236aa418ed658ef4667a126,textual,src,tests,247,0,2995,2995,5,compilers-languages,cli-terminal,26000
thinc,https://github.com/explosion/thinc.git,6c38b29924b218140e5c10c2cb77e3ff487b0ffa,thinc,.,thinc/tests,96,0,822,822,4,machine-learning,learning,2891
thrift-py,https://github.com/Thriftpy/thriftpy2.git,76bb60bfdc8b73215379e3bc54c5c83a4a0e31a7,thriftpy2,.,tests,55,0,524,524,4,databases-storage,serialization-wire,1000
tinydb,https://github.com/msiemens/tinydb.git,4aa53111d72c9cbaafcdc039211caf49f4face6f,tinydb,.,tests,10,0,222,222,2,databases-storage,structures-caching,6800
tldextract,https://github.com/john-kurkowski/tldextract.git,72d37955ae5ba86267fd68c97b56866bd04c3ce9,tldextract,.,tests,8,0,56,56,1,compilers-languages,text-strings,2000
tokenizers-py,https://github.com/huggingface/tokenizers.git,6cfd9d385ca0ed91c10b49f0ce97d02cfde1b607,tokenizers,bindings/python/py_src,bindings/python/tests,16,0,168,168,2,machine-learning,parsing-languages,9000
toml-py,https://github.com/uiri/toml.git,65bab7582ce14c55cdeec2244c65ea23039c9e6f,toml,.,tests,5,0,20,20,1,compilers-languages,parsing-languages,1000
toolz,https://github.com/pytoolz/toolz.git,568c2b8393973cd172a466546c9d95779c452438,toolz,.,toolz,14,0,184,184,2,compilers-languages,structures-caching,4800
torchgeo,https://github.com/torchgeo/torchgeo.git,24fa28347bbe343939a85cfb6a8274b20e413f39,torchgeo,.,tests,287,2,1669,1667,5,machine-learning,learning,4139
torchscale,https://github.com/microsoft/torchscale.git,4d1e0e82e5adf86dd424f1463192635b73fc8efc,torchscale,.,tests,29,0,43,43,2,machine-learning,learning,3136
tortoise-orm,https://github.com/tortoise/tortoise-orm.git,ffc946ebd2d1715c3cc3196ada2c2da04f6188d4,tortoise,.,tests,132,0,1360,1360,5,databases-storage,data-storage,5611
tradingagents,https://github.com/TauricResearch/TradingAgents.git,9dee508c44662702281a8dbaad1f7b42179b5ba7,tradingagents,.,tests,72,0,582,582,4,machine-learning,quant-finance,97203
trafilatura,https://github.com/adbar/trafilatura.git,2e1d38b2dff26f1598500c7a7702755cd01e7a6e,trafilatura,.,tests,21,0,352,352,3,machine-learning,text-strings,6608
traitlets,https://github.com/ipython/traitlets.git,c4f12477747b9592d01dae5ff8fcdd2a7cdffd0b,traitlets,.,tests,21,1,262,261,3,compilers-languages,config-schema,1000
transitions,https://github.com/pytransitions/transitions.git,bd42b38f3627e6bca7274fb4d9af2e105f75da7c,transitions,.,tests,17,0,1428,1428,3,compilers-languages,resilience-control,6000
trimesh,https://github.com/mikedh/trimesh.git,fcf660feb0a14c68fd3945789e8ed77e260f9167,trimesh,.,tests,114,1,32,31,3,graphics-vision,media-graphics,3300
twstock,https://github.com/mlouielu/twstock.git,942ea0a2558a9ff7693875fc097babeed2ec0112,twstock,.,test,15,0,23,23,1,quant-finance,quant-finance,1503
typeguard,https://github.com/agronholm/typeguard.git,123f1abc7e82bbe980c779005de858533e1786c3,typeguard,src,tests,12,0,526,526,2,compilers-languages,parsing-languages,1600
typer,https://github.com/fastapi/typer.git,82b83959d9e900215ed8ff2a56a766ff066e1c75,typer,.,tests,32,2,320,318,3,compilers-languages,cli-terminal,19883
typer-cli,https://github.com/tiangolo/typer.git,82b83959d9e900215ed8ff2a56a766ff066e1c75,typer,.,tests,32,2,316,314,3,compilers-languages,cli-terminal,15000
ultralytics,https://github.com/ultralytics/ultralytics.git,88b030173dbbaff2f22925faffd0cb780500c1a9,ultralytics,.,tests,230,0,285,285,5,machine-learning,learning,60485
umap,https://github.com/lmcinnes/umap.git,30bd533e3c8567c3049b51853c73443610e0fa2d,umap,.,umap/tests,11,0,267,267,2,graphics-vision,numeric-linalg,8250
unyt,https://github.com/yt-project/unyt.git,ee7d81f4331543afc018d290347ee97f767d8554,unyt,.,unyt/tests,21,0,714,714,3,scientific-computing,numeric-linalg,1000
uritemplate,https://github.com/python-hyper/uritemplate.git,e7a947e7385de3e04bb05d73d4acbc4c4409f059,uritemplate,.,tests,5,0,58,58,1,databases-storage,text-strings,1000
urllib3,https://github.com/urllib3/urllib3.git,a5d70ebfd6a30ceba0e9cc322089a6497dcd643e,urllib3,src,test,36,0,1297,1297,4,databases-storage,web-protocol,3800
uvicorn-protocols,https://github.com/encode/uvicorn.git,eed8e7212a60681a9c3c865305cdd227a2b16f90,uvicorn,.,tests,45,0,238,238,3,databases-storage,web-protocol,8500
valuecell,https://github.com/ValueCell-ai/valuecell.git,9793e9c0563fbf56fc096757d8bb80e209ac7aab,valuecell,python,python/valuecell,201,0,6,6,3,machine-learning,quant-finance,10964
vanna,https://github.com/vanna-ai/vanna.git,365d0617c1a4567ffee1b19b40c27feb4206bfcf,vanna,src,tests,283,2,202,200,5,machine-learning,agent-orchestration,23823
vcrpy,https://github.com/kevin1024/vcrpy.git,c599974b31f3e510df9b98e61513fe6889a50db0,vcr,.,tests,29,1,412,411,3,databases-storage,testing-tooling,2800
vine,https://github.com/celery/vine.git,557a70df373301e31968446d1cdf82cb452b0773,vine,.,t/unit,6,0,42,42,1,databases-storage,concurrency-io,1000
virtualenv,https://github.com/pypa/virtualenv.git,f9010b32c2116388a89080f4d07879772e28c820,virtualenv,src,tests,92,0,316,316,4,compilers-languages,packaging-devenv,4900
visidata,https://github.com/saulpw/visidata.git,1d8a6fcd7f031a140c5662943af868e9108343ed,visidata,.,visidata/tests,259,0,256,256,5,compilers-languages,cli-terminal,9236
viztracer,https://github.com/gaogaotiantian/viztracer.git,6ce4d70bc72d9c76a7afcd4927a0caac64d4ad2c,viztracer,src,tests,23,3,147,144,2,graphics-vision,concurrency-io,7717
voluptuous,https://github.com/alecthomas/voluptuous.git,44593ce7c330faf9418252c4b5448f4736144a7f,voluptuous,.,voluptuous/tests,7,0,182,182,1,databases-storage,serialization-wire,1900
w3lib,https://github.com/scrapy/w3lib.git,dc5ed388eb39dcc6d27dcf2880c98a1a7b673be5,w3lib,.,tests,9,0,472,472,2,compilers-languages,text-strings,1000
waitress,https://github.com/Pylons/waitress.git,016eea527dd4a3eb4a18d6dca4d0bfe32039e470,waitress,src,tests,16,1,821,820,3,databases-storage,web-protocol,1500
wasabi,https://github.com/explosion/wasabi.git,ddcb05ac1e27ca564a46ba9ae55b79aef3d99bbb,wasabi,.,wasabi/tests,7,0,65,65,1,compilers-languages,text-strings,1000
watchdog,https://github.com/gorakhargosh/watchdog.git,325508d8dc712c8eec72d9c5592b1e6098c5c247,watchdog,src,tests,27,0,184,184,3,databases-storage,concurrency-io,7000
watchfiles,https://github.com/samuelcolvin/watchfiles.git,42257e82089c3ef880aba8a2f2fc1662a663d61e,watchfiles,.,tests,7,0,142,142,1,databases-storage,concurrency-io,2000
weasyprint,https://github.com/Kozea/WeasyPrint.git,e4b8b45e409392197441bc449d110f323b0eeb66,weasyprint,.,tests,69,0,4329,4329,5,graphics-vision,media-graphics,8000
webob,https://github.com/Pylons/webob.git,c0d70f985ff6f04dcc59822ca5216cfd0ada666c,webob,src,tests,18,0,272,272,2,databases-storage,dev-tooling,1000
websocket-client,https://github.com/websocket-client/websocket-client.git,12225f5ce6e27536be3b0da85fd763ed75581bcc,websocket,.,websocket/tests,15,0,195,195,2,databases-storage,web-protocol,3600
websockets,https://github.com/python-websockets/websockets.git,ad8d970e7678f0c1d676f988d9e0072c7f3626a5,websockets,src,tests,52,0,2571,2571,4,databases-storage,web-protocol,5300
webvtt-py,https://github.com/glut23/webvtt-py.git,6bf588fd2a23ffe8bc789d80839b8777d5e15699,webvtt,.,tests,10,0,165,165,2,compilers-languages,parsing-languages,1000
whichllm,https://github.com/Andyyyy64/whichllm.git,ea32ed25c8195f6dbc3f57d50bbcd7b205acaf70,whichllm,src,tests,73,2,484,482,4,compilers-languages,agent-orchestration,6204
wordcloud,https://github.com/amueller/word_cloud.git,93c5e4cd50c5f2c56ec7eb624a620790dab5df6c,wordcloud,.,test,7,1,74,73,1,graphics-vision,media-graphics,10000
wrapt,https://github.com/GrahamDumpleton/wrapt.git,8925921677ee17aa3858ec8a3fab90dde9d3cfbd,wrapt,src,tests,13,2,1190,1188,3,compilers-languages,packaging-devenv,2200
wsproto,https://github.com/python-hyper/wsproto.git,5e0685d0740ec30716897442f336de1118f5f40a,wsproto,src,tests,8,0,230,230,2,databases-storage,web-protocol,1000
xlsxwriter,https://github.com/jmcnamara/XlsxWriter.git,5d4606d89a955226d2d0825a0f44309043ae7251,xlsxwriter,.,xlsxwriter/test,42,0,454,454,3,databases-storage,serialization-wire,3800
xmltodict,https://github.com/martinblech/xmltodict.git,6e29fba282e68631034dd2722a413b4e35276584,xmltodict,.,tests,1,0,134,134,1,databases-storage,serialization-wire,5700
xonsh,https://github.com/xonsh/xonsh.git,e4181e32018787ddb517de32cbf5e1b8a5faf1a9,xonsh,.,tests,165,2,7654,7652,5,compilers-languages,cli-terminal,9595
yaspin,https://github.com/pavdmyt/yaspin.git,066ad0df0988ebc9fe74b69fbc209f8900f4cfbd,yaspin,.,tests,5,0,1004,1004,2,compilers-languages,cli-terminal,1000
yolov5,https://github.com/ultralytics/yolov5.git,35b48237aef6d71ca9de2c5dea345d7536eb7fa7,utils,.,tests,32,4,12,8,2,machine-learning,learning,57851
youtube-transcript-api,https://github.com/jdepoix/youtube-transcript-api.git,72d79711ec4db95262660029b4d63298b0820502,youtube_transcript_api,.,youtube_transcript_api/test,9,0,77,77,1,compilers-languages,translation-i18n,8021
zappa,https://github.com/Miserlou/Zappa.git,5a11c17f5ecf0568bdb73b4baf6fb08ff0184f39,zappa,.,tests,13,0,7,7,1,databases-storage,web-protocol,11825
